DATAFLOW,REF_AREA,INDICATOR,SEX,TIME_PERIOD,OBS_VALUE,UNIT_MULTIPLIER,UNIT_MEASURE,OBS_STATUS,OBS_CONF,LOWER_BOUND,UPPER_BOUND,WGTD_SAMPL_SIZE,OBS_FOOTNOTE,SERIES_FOOTNOTE,DATA_SOURCE,SOURCE_LINK,CUSTODIAN,TIME_PERIOD_METHOD,REF_PERIOD,COVERAGE_TIME,AGE,year,iso3
UNICEF:GLOBAL_DATAFLOW(1.0): Cross-sector indicators,AFG: Afghanistan,MNCH_SAB: Skilled birth attendant - percentage of deliveries attended by skilled health personnel,_T: Total,2020,61.8,0: Units,PCNT: %,RP: Reported,F: Free,,,,"Cadres included align with the standard definition of: Doctor, nurse and/or midwife",,Afghanistan 2019-2020 Income; Expenditure & Labour Force Survey; National Statistics and Information Authority,Joint UNICEF-WHO Database on Skilled Birth Attendance 2024 (SDG inclusion=1),,EOF: End of fieldwork,,2003-2023,Y15T49: 15 to 49 years old,2020,AFG
UNICEF:GLOBAL_DATAFLOW(1.0): Cross-sector indicators,AIA: Anguilla,MNCH_SAB: Skilled birth attendant - percentage of deliveries attended by skilled health personnel,_T: Total,2020,100.0,0: Units,PCNT: %,RP: Reported,F: Free,,,,Unclear definition of the cadres included (Trained personnel),,PLISA Health Information Platform. Indicator profile: Deliveries attended by skilled birth attendants (%) [online database]. Washington; DC: Pan American Health Organization/World Health Organization (PAHO/WHO); 2021 (https://opendata.paho.org/es/indicadores-basicos/tablero-de-los-indicadores-basicos); accessed December 30; 2021).,Joint UNICEF-WHO Database on Skilled Birth Attendance 2024 (SDG inclusion=1),,EOF: End of fieldwork,,2010-2020,Y15T49: 15 to 49 years old,2020,AIA
UNICEF:GLOBAL_DATAFLOW(1.0): Cross-sector indicators,ALB: Albania,MNCH_SAB: Skilled birth attendant - percentage of deliveries attended by skilled health personnel,_T: Total,2022,100.0,0: Units,PCNT: %,RP: Reported,F: Free,,,,Unclear definition of the cadres included (skilled health personnel); Women age All ages,,Institute of Statistics; Men and Women 2023,Joint UNICEF-WHO Database on Skilled Birth Attendance 2024 (SDG inclusion=1),,EOF: End of fieldwork,,2000-2022,Y15T49: 15 to 49 years old,2022,ALB
UNICEF:GLOBAL_DATAFLOW(1.0): Cross-sector indicators,ARE: United Arab Emirates,MNCH_SAB: Skilled birth attendant - percentage of deliveries attended by skilled health personnel,_T: Total,2022,99.9,0: Units,PCNT: %,RP: Reported,F: Free,,,,Institutional Birth (IB): includes all deliveries that occurred at a health facility,,Ministry of Health and Prevention,Joint UNICEF-WHO Database on Skilled Birth Attendance 2024 (SDG inclusion=1),,EOF: End of fieldwork,,2004-2022,Y15T49: 15 to 49 years old,2022,ARE
UNICEF:GLOBAL_DATAFLOW(1.0): Cross-sector indicators,ARG: Argentina,MNCH_SAB: Skilled birth attendant - percentage of deliveries attended by skilled health personnel,_T: Total,2020,98.8,0: Units,PCNT: %,RP: Reported,F: Free,,,,"Cadres included align with the standard definition of: Doctor, nurse and/or midwife",,Encuesta Nacional de Niñas; Niños y Adolescentes (MICS) 2019-2020,Joint UNICEF-WHO Database on Skilled Birth Attendance 2024 (SDG inclusion=1),,EOF: End of fieldwork,,2000-2020,Y15T49: 15 to 49 years old,2020,ARG
UNICEF:GLOBAL_DATAFLOW(1.0): Cross-sector indicators,ATG: Antigua and Barbuda,MNCH_SAB: Skilled birth attendant - percentage of deliveries attended by skilled health personnel,_T: Total,2020,99.0,0: Units,PCNT: %,RP: Reported,F: Free,,,,Unclear definition of the cadres included (Trained personnel),,PLISA Health Information Platform. Indicator profile: Deliveries attended by skilled birth attendants (%) [online database]. Washington; DC: Pan American Health Organization/World Health Organization (PAHO/WHO); 2021 (https://opendata.paho.org/es/indicadores-basicos/tablero-de-los-indicadores-basicos); accessed September 30; 2021).,Joint UNICEF-WHO Database on Skilled Birth Attendance 2024 (SDG inclusion=1),,EOF: End of fieldwork,,2000-2020,Y15T49: 15 to 49 years old,2020,ATG
UNICEF:GLOBAL_DATAFLOW(1.0): Cross-sector indicators,AUS: Australia,MNCH_SAB: Skilled birth attendant - percentage of deliveries attended by skilled health personnel,_T: Total,2021,98.7,0: Units,PCNT: %,RP: Reported,F: Free,,,,Institutional Birth (IB): includes all deliveries that occurred at a health facility,,Australian Institute of Health and Welfare. Australia's mothers and babies [Internet]. Canberra: Australian Institute of Health and Welfare; 2023 [cited 2023 Sep. 20]. Available from: https://www.aihw.gov.au/reports/mothers-babies/australias-mothers-babies,Joint UNICEF-WHO Database on Skilled Birth Attendance 2024 (SDG inclusion=1),,EOF: End of fieldwork,,2000-2021,Y15T49: 15 to 49 years old,2021,AUS
UNICEF:GLOBAL_DATAFLOW(1.0): Cross-sector indicators,AUT: Austria,MNCH_SAB: Skilled birth attendant - percentage of deliveries attended by skilled health personnel,_T: Total,2022,98.1,0: Units,PCNT: %,RP: Reported,F: Free,,,,Institutional Birth (IB): includes all deliveries that occurred at a health facility,,Statistics Austria. Medical and socio-medical characteristics of newborns.Vienna; 2023 (https://www.statistik.at/en/search?L=1&id=582&tx_solr%5Bq%5D=place+of+birth).,Joint UNICEF-WHO Database on Skilled Birth Attendance 2024 (SDG inclusion=1),,EOF: End of fieldwork,,2000-2022,Y15T49: 15 to 49 years old,2022,AUT
UNICEF:GLOBAL_DATAFLOW(1.0): Cross-sector indicators,AZE: Azerbaijan,MNCH_SAB: Skilled birth attendant - percentage of deliveries attended by skilled health personnel,_T: Total,2022,99.9,0: Units,PCNT: %,RP: Reported,F: Free,,,,Unclear definition of the cadres included (Skilled health personnel),,Statistical Yearbook 2022. Women and Men in Azerbaijan. Baku: State Statistical Committee of the Republic of Azerbaijan; 2023.,Joint UNICEF-WHO Database on Skilled Birth Attendance 2024 (SDG inclusion=1),,EOF: End of fieldwork,,2000-2022,Y15T49: 15 to 49 years old,2022,AZE
UNICEF:GLOBAL_DATAFLOW(1.0): Cross-sector indicators,BDI: Burundi,MNCH_SAB: Skilled birth attendant - percentage of deliveries attended by skilled health personnel,_T: Total,2022,75.2,0: Units,PCNT: %,RP: Reported,F: Free,,,,Unclear definition of the cadres included,,Annuaire des Statistisques Sanitaires 2022,Joint UNICEF-WHO Database on Skilled Birth Attendance 2024 (SDG inclusion=1),,EOF: End of fieldwork,,2000-2022,Y15T49: 15 to 49 years old,2022,BDI
UNICEF:GLOBAL_DATAFLOW(1.0): Cross-sector indicators,BEN: Benin,MNCH_SAB: Skilled birth attendant - percentage of deliveries attended by skilled health personnel,_T: Total,2022,80.8,0: Units,PCNT: %,RP: Reported,F: Free,,,,"Cadres included align with the standard definition of: Doctor, nurse and/or midwife",,Institut National de la Statistique et de la Démographie (INStaD). 2023. Enquête par Grappes à Indicateurs Multiples; Bénin; 2021-2022; Rapport des résultats de l'enquête. Cotonou; Bénin : INStaD.,Joint UNICEF-WHO Database on Skilled Birth Attendance 2024 (SDG inclusion=1),,EOF: End of fieldwork,,2001-2022,Y15T49: 15 to 49 years old,2022,BEN
UNICEF:GLOBAL_DATAFLOW(1.0): Cross-sector indicators,BFA: Burkina Faso,MNCH_SAB: Skilled birth attendant - percentage of deliveries attended by skilled health personnel,_T: Total,2021,95.8,0: Units,PCNT: %,RP: Reported,F: Free,,,,"Definition includes other cadres that is not in alignment with the standard definition (doctors, health advisors, midwives, state midwives, nurses, health attachés, licensed birth attendants and auxiliary birth attendants)",,INSD et ICF. Enquête Démographique et de Santé du Burkina Faso 2021. Ouagadougou; Burkina Faso et Rockville; Maryland; USA : INSD et ICF; 2023,Joint UNICEF-WHO Database on Skilled Birth Attendance 2024 (SDG inclusion=1),,EOF: End of fieldwork,,2003-2021,Y15T49: 15 to 49 years old,2021,BFA
UNICEF:GLOBAL_DATAFLOW(1.0): Cross-sector indicators,BGD: Bangladesh,MNCH_SAB: Skilled birth attendant - percentage of deliveries attended by skilled health personnel,_T: Total,2022,69.8,0: Units,PCNT: %,RP: Reported,F: Free,,,,"Definition includes other cadres that is not in alignment with the standard definition (qualified doctor, nurse/midwife/paramedic, family welfare visitor, community skilled birth attendant, medical assistant/sub-assistant community medical officer); Women age  ",,National Institute of Population Research and Training (NIPORT) and ICF. 2023. Bangladesh Demographic and Health Survey 2022: Key Indicators Report. Dhaka; Bangladesh; and Rockville; Maryland; USA: NIPORT and ICF.,Joint UNICEF-WHO Database on Skilled Birth Attendance 2024 (SDG inclusion=1),,EOF: End of fieldwork,,2000-2022,Y15T49: 15 to 49 years old,2022,BGD
UNICEF:GLOBAL_DATAFLOW(1.0): Cross-sector indicators,BGR: Bulgaria,MNCH_SAB: Skilled birth attendant - percentage of deliveries attended by skilled health personnel,_T: Total,2021,94.5,0: Units,PCNT: %,RP: Reported,F: Free,,,,"Cadres included align with the standard definition of: Doctor, nurse and/or midwife",,National Statistical Institute of Bulgaria; 2022. (Reported on 2 December 2022),Joint UNICEF-WHO Database on Skilled Birth Attendance 2024 (SDG inclusion=1),,EOF: End of fieldwork,,2000-2021,Y15T49: 15 to 49 years old,2021,BGR
UNICEF:GLOBAL_DATAFLOW(1.0): Cross-sector indicators,BHR: Bahrain,MNCH_SAB: Skilled birth attendant - percentage of deliveries attended by skilled health personnel,_T: Total,2020,98.2,0: Units,PCNT: %,RP: Reported,F: Free,,,,Institutional Birth (IB): includes all deliveries that occurred at a health facility,,Health Statistics of 2020. Bahrain: Ministry of Health; 2021.,Joint UNICEF-WHO Database on Skilled Birth Attendance 2024 (SDG inclusion=1),,EOF: End of fieldwork,,2000-2020,Y15T49: 15 to 49 years old,2020,BHR
UNICEF:GLOBAL_DATAFLOW(1.0): Cross-sector indicators,BHS: Bahamas,MNCH_SAB: Skilled birth attendant - percentage of deliveries attended by skilled health personnel,_T: Total,2020,99.0,0: Units,PCNT: %,RP: Reported,F: Free,,,,Unclear definition of the cadres included (Trained personnel),,PLISA Health Information Platform. Indicator profile: Deliveries attended by skilled birth attendants (%) [online database]. Washington; DC: Pan American Health Organization/World Health Organization (PAHO/WHO); 2021 (https://opendata.paho.org/es/indicadores-basicos/tablero-de-los-indicadores-basicos; accessed 20 Septemner 2023).,Joint UNICEF-WHO Database on Skilled Birth Attendance 2024 (SDG inclusion=1),,EOF: End of fieldwork,,2000-2020,Y15T49: 15 to 49 years old,2020,BHS
UNICEF:GLOBAL_DATAFLOW(1.0): Cross-sector indicators,BIH: Bosnia and Herzegovina,MNCH_SAB: Skilled birth attendant - percentage of deliveries attended by skilled health personnel,_T: Total,2021,99.9,0: Units,PCNT: %,RP: Reported,F: Free,,,,"Cadres included align with the standard definition of: Doctor, nurse and/or midwife",,Statistical Yearbook Federation of Bosnia and Herzegovina 2020. Sarajevo: Institute for Statistics of Federation of Bosnia and Herzegovina; 2020.,Joint UNICEF-WHO Database on Skilled Birth Attendance 2024 (SDG inclusion=1),,EOF: End of fieldwork,,2000-2021,Y15T49: 15 to 49 years old,2021,BIH
UNICEF:GLOBAL_DATAFLOW(1.0): Cross-sector indicators,BLR: Belarus,MNCH_SAB: Skilled birth attendant - percentage of deliveries attended by skilled health personnel,_T: Total,2022,99.9,0: Units,PCNT: %,RP: Reported,F: Free,,,,Unclear definition of the cadres included (Qualified medical personnel),,National platform for reporting indicators of Sustainable Development Goals. http://sdgplatform.belstat.gov.by/datasets/3.1.2; last accessed 6/12/2023,Joint UNICEF-WHO Database on Skilled Birth Attendance 2024 (SDG inclusion=1),,EOF: End of fieldwork,,2000-2022,Y15T49: 15 to 49 years old,2022,BLR
UNICEF:GLOBAL_DATAFLOW(1.0): Cross-sector indicators,BLZ: Belize,MNCH_SAB: Skilled birth attendant - percentage of deliveries attended by skilled health personnel,_T: Total,2020,94.6,0: Units,PCNT: %,RP: Reported,F: Free,,,,Unclear definition of the cadres included (Trained personnel),,PLISA Health Information Platform. Indicator profile: Deliveries attended by skilled birth attendants (%) [online database]. Washington; DC: Pan American Health Organization/World Health Organization (PAHO/WHO); 2021 (https://opendata.paho.org/es/indicadores-basicos/tablero-de-los-indicadores-basicos; accessed 30 December 2021).,Joint UNICEF-WHO Database on Skilled Birth Attendance 2024 (SDG inclusion=1),,EOF: End of fieldwork,,2000-2020,Y15T49: 15 to 49 years old,2020,BLZ
UNICEF:GLOBAL_DATAFLOW(1.0): Cross-sector indicators,BMU: Bermuda,MNCH_SAB: Skilled birth attendant - percentage of deliveries attended by skilled health personnel,_T: Total,2021,99.8,0: Units,PCNT: %,RP: Reported,F: Free,,,,Unclear definition of the cadres included (Trained personnel),,PLISA Health Information Platform. Indicator profile: Deliveries attended by skilled birth attendants (%) [online database]. Washington; DC: Pan American Health Organization/World Health Organization (PAHO/WHO); 2023 (https://opendata.paho.org/es/indicadores-basicos/tablero-de-los-indicadores-basicos; accessed 20 September 2023).,Joint UNICEF-WHO Database on Skilled Birth Attendance 2024 (SDG inclusion=1),,EOF: End of fieldwork,,2000-2021,Y15T49: 15 to 49 years old,2021,BMU
UNICEF:GLOBAL_DATAFLOW(1.0): Cross-sector indicators,BOL: Bolivia (Plurinational State of),MNCH_SAB: Skilled birth attendant - percentage of deliveries attended by skilled health personnel,_T: Total,2022,71.5,0: Units,PCNT: %,RP: Reported,F: Free,,,,Institutional Birth (IB): includes all deliveries that occurred at a health facility,,Registros administrativos del Sistema Nacional de Salud y Vigilancia Epidemiológica del Ministerio de Salud y Deportes - 2022,Joint UNICEF-WHO Database on Skilled Birth Attendance 2024 (SDG inclusion=1),,EOF: End of fieldwork,,2000-2022,Y15T49: 15 to 49 years old,2022,BOL
UNICEF:GLOBAL_DATAFLOW(1.0): Cross-sector indicators,BRA: Brazil,MNCH_SAB: Skilled birth attendant - percentage of deliveries attended by skilled health personnel,_T: Total,2021,98.2,0: Units,PCNT: %,RP: Reported,F: Free,,,,"Cadres included align with the standard definition of: Doctor, nurse and/or midwife",,Ministério da Saúde; Sistema de Informações sobre Nascidos Vivos (SINASC); (https://odsbrasil.gov.br/objetivo3/indicador312#); 2023,Joint UNICEF-WHO Database on Skilled Birth Attendance 2024 (SDG inclusion=1),,EOF: End of fieldwork,,2000-2021,Y15T49: 15 to 49 years old,2021,BRA
UNICEF:GLOBAL_DATAFLOW(1.0): Cross-sector indicators,BRB: Barbados,MNCH_SAB: Skilled birth attendant - percentage of deliveries attended by skilled health personnel,_T: Total,2020,98.4,0: Units,PCNT: %,RP: Reported,F: Free,,,,Unclear definition of the cadres included (Trained personnel),,PLISA Health Information Platform. Indicator profile: Deliveries attended by skilled birth attendants (%) [online database]. Washington; DC: Pan American Health Organization/World Health Organization (PAHO/WHO); 2021 (https://opendata.paho.org/es/indicadores-basicos/tablero-de-los-indicadores-basicos; accessed 30 December 2021).,Joint UNICEF-WHO Database on Skilled Birth Attendance 2024 (SDG inclusion=1),,EOF: End of fieldwork,,2000-2020,Y15T49: 15 to 49 years old,2020,BRB
UNICEF:GLOBAL_DATAFLOW(1.0): Cross-sector indicators,BRN: Brunei Darussalam,MNCH_SAB: Skilled birth attendant - percentage of deliveries attended by skilled health personnel,_T: Total,2021,99.6,0: Units,PCNT: %,RP: Reported,F: Free,,,,Unclear definition of the cadres included (Skilled health personnel),,Ministry of Health [Brunei Darussalam]; 2022.,Joint UNICEF-WHO Database on Skilled Birth Attendance 2024 (SDG inclusion=1),,EOF: End of fieldwork,,2000-2021,Y15T49: 15 to 49 years old,2021,BRN
UNICEF:GLOBAL_DATAFLOW(1.0): Cross-sector indicators,BTN: Bhutan,MNCH_SAB: Skilled birth attendant - percentage of deliveries attended by skilled health personnel,_T: Total,2021,98.9,0: Units,PCNT: %,RP: Reported,F: Free,,,,Unclear definition of the cadres included (Skilled health personnel),,Ministry of Health; (2022). Annual Health Bulletin; Thimphu; PPD; MoH.,Joint UNICEF-WHO Database on Skilled Birth Attendance 2024 (SDG inclusion=1),,EOF: End of fieldwork,,2000-2021,Y15T49: 15 to 49 years old,2021,BTN
UNICEF:GLOBAL_DATAFLOW(1.0): Cross-sector indicators,BWA: Botswana,MNCH_SAB: Skilled birth attendant - percentage of deliveries attended by skilled health personnel,_T: Total,2021,99.8,0: Units,PCNT: %,RP: Reported,F: Free,,,,Institutional Birth (IB): includes all deliveries that occurred at a health facility,,Botswana Maternal Mortality Ratio 2021. Gaborone: Statistics Botswana (CSO); 2023.,Joint UNICEF-WHO Database on Skilled Birth Attendance 2024 (SDG inclusion=1),,EOF: End of fieldwork,,2000-2021,Y15T49: 15 to 49 years old,2021,BWA
UNICEF:GLOBAL_DATAFLOW(1.0): Cross-sector indicators,CAF: Central African Republic,MNCH_SAB: Skilled birth attendant - percentage of deliveries attended by skilled health personnel,_T: Total,2019,40.3,0: Units,PCNT: %,RP: Reported,F: Free,,,,"Definition includes other cadres that is not in alignment with the standard definition (Doctor, nurse, midwife, delivery assistant)",,MICS6-RCA Enquête par grappes à indicateurs multiples 2018-2019; Rapport final. Bangui; République Centrafricaine : ICASEES,Joint UNICEF-WHO Database on Skilled Birth Attendance 2024 (SDG inclusion=1),,EOF: End of fieldwork,,2000-2019,Y15T49: 15 to 49 years old,2019,CAF
UNICEF:GLOBAL_DATAFLOW(1.0): Cross-sector indicators,CAN: Canada,MNCH_SAB: Skilled birth attendant - percentage of deliveries attended by skilled health personnel,_T: Total,2021,97.6,0: Units,PCNT: %,RP: Reported,F: Free,,,,Institutional Birth (IB): includes all deliveries that occurred at a health facility,,Statistics Canada. Table 13-10-0429-01 Live births and fetal deaths (stillbirths); by place of birth (hospital or non-hospital). Canada; 2023. DOI: https://doi.org/10.25318/1310042901-eng,Joint UNICEF-WHO Database on Skilled Birth Attendance 2024 (SDG inclusion=1),,EOF: End of fieldwork,,2000-2021,Y15T49: 15 to 49 years old,2021,CAN
UNICEF:GLOBAL_DATAFLOW(1.0): Cross-sector indicators,CHL: Chile,MNCH_SAB: Skilled birth attendant - percentage of deliveries attended by skilled health personnel,_T: Total,2020,99.8,0: Units,PCNT: %,RP: Reported,F: Free,,,,Unclear definition of the cadres included (Skilled health personnel),,PLISA Health Information Platform. Indicator profile: Deliveries attended by skilled birth attendants (%) [online database]. Washington; DC: Pan American Health Organization/World Health Organization (PAHO/WHO); 2023 (https://opendata.paho.org/es/indicadores-basicos/tablero-de-los-indicadores-basicos; accessed 21 September 2023).,Joint UNICEF-WHO Database on Skilled Birth Attendance 2024 (SDG inclusion=1),,EOF: End of fieldwork,,2000-2020,Y15T49: 15 to 49 years old,2020,CHL
UNICEF:GLOBAL_DATAFLOW(1.0): Cross-sector indicators,CIV: Côte d'Ivoire,MNCH_SAB: Skilled birth attendant - percentage of deliveries attended by skilled health personnel,_T: Total,2021,84.0,0: Units,PCNT: %,RP: Reported,F: Free,,,,"Definition includes other cadres that is not in alignment with the standard definition (Doctor, Nurse/Midwife, Caregiver/Warden)",,Enquête Démographique et de Santé 2021; Rapport des indicateurs-clés,Joint UNICEF-WHO Database on Skilled Birth Attendance 2024 (SDG inclusion=1),,EOF: End of fieldwork,,2000-2021,Y15T49: 15 to 49 years old,2021,CIV
UNICEF:GLOBAL_DATAFLOW(1.0): Cross-sector indicators,CMR: Cameroon,MNCH_SAB: Skilled birth attendant - percentage of deliveries attended by skilled health personnel,_T: Total,2018,69.0,0: Units,PCNT: %,RP: Reported,F: Free,,,,"Definition includes other cadres that is not in alignment with the standard definition (Doctor, nurse, midwife, aide-soignant)",,Institut National de la Statistique (INS) et ICF. Enquête Démographique et de Santé du Cameroun 2018. Yaoundé; Cameroun et Rockville; Maryland; USA : INS et ICF; 2020. (in French),Joint UNICEF-WHO Database on Skilled Birth Attendance 2024 (SDG inclusion=1),,EOF: End of fieldwork,,2000-2018,Y15T49: 15 to 49 years old,2018,CMR
UNICEF:GLOBAL_DATAFLOW(1.0): Cross-sector indicators,COD: Democratic Republic of the Congo,MNCH_SAB: Skilled birth attendant - percentage of deliveries attended by skilled health personnel,_T: Total,2018,85.2,0: Units,PCNT: %,RP: Reported,F: Free,,,,"Cadres included align with the standard definition of: Doctor, nurse and/or midwife",,INS; Enquête par grappes à indicateurs multiples; 2017-2018; rapport de résultats de l'enquête. Kinshasa; République Démocratique du Congo; 2019.,Joint UNICEF-WHO Database on Skilled Birth Attendance 2024 (SDG inclusion=1),,EOF: End of fieldwork,,2001-2018,Y15T49: 15 to 49 years old,2018,COD
UNICEF:GLOBAL_DATAFLOW(1.0): Cross-sector indicators,COL: Colombia,MNCH_SAB: Skilled birth attendant - percentage of deliveries attended by skilled health personnel,_T: Total,2021,97.5,0: Units,PCNT: %,RP: Reported,F: Free,,,,Unclear definition of the cadres included (Skilled health personnel); Women age non standard,,DANE. Estadísticas Vitales - Nacimientos 2019; partos atendidos por médico o enfermero(a). Bogotá D.C.: Departamento Administrativo Nacional de Estadística (DANE); 2020.,Joint UNICEF-WHO Database on Skilled Birth Attendance 2024 (SDG inclusion=1),,EOF: End of fieldwork,,2000-2021,Y15T49: 15 to 49 years old,2021,COL
UNICEF:GLOBAL_DATAFLOW(1.0): Cross-sector indicators,COM: Comoros,MNCH_SAB: Skilled birth attendant - percentage of deliveries attended by skilled health personnel,_T: Total,2022,97.2,0: Units,PCNT: %,RP: Reported,F: Free,,,,"Cadres included align with the standard definition of: Doctor, nurse and/or midwife",,INSEED COMORES. 2023. Enquête par Grappes à Indicateurs Multiples MICS6 2022; Rapport sur les résultats de l'enquête. Moroni; Comores : INSEED COMORES.,Joint UNICEF-WHO Database on Skilled Birth Attendance 2024 (SDG inclusion=1),,EOF: End of fieldwork,,2000-2022,Y15T49: 15 to 49 years old,2022,COM
UNICEF:GLOBAL_DATAFLOW(1.0): Cross-sector indicators,CPV: Cabo Verde,MNCH_SAB: Skilled birth attendant - percentage of deliveries attended by skilled health personnel,_T: Total,2018,97.3,0: Units,PCNT: %,RP: Reported,F: Free,,,,"Definition includes other cadres that is not in alignment with the standard definition (Doctors, nurses and nursing assistants)",,Instituto Nacional de Estatística (INE); Ministério da Saúde e da Segurança Social; e Utica International. 2020. Inquérito Demográfico e de Saúde Reprodutiva; IDSR-III; Cabo Verde 2018. Praia; Cabo Verde e Columbia; Maryland; USA.,Joint UNICEF-WHO Database on Skilled Birth Attendance 2024 (SDG inclusion=1),,EOF: End of fieldwork,,2005-2018,Y15T49: 15 to 49 years old,2018,CPV
UNICEF:GLOBAL_DATAFLOW(1.0): Cross-sector indicators,CRI: Costa Rica,MNCH_SAB: Skilled birth attendant - percentage of deliveries attended by skilled health personnel,_T: Total,2021,98.8,0: Units,PCNT: %,RP: Reported,F: Free,,,,"Cadres included align with the standard definition of: Doctor, nurse and/or midwife",,Estadísticas Vitales 2021: Población; Nacimientos Defunciones y Matrimonios [recurso electrónico] / Instituto Nacional de Estadística y Censos. San José; Costa; 2022.,Joint UNICEF-WHO Database on Skilled Birth Attendance 2024 (SDG inclusion=1),,EOF: End of fieldwork,,2000-2021,Y15T49: 15 to 49 years old,2021,CRI
UNICEF:GLOBAL_DATAFLOW(1.0): Cross-sector indicators,CUB: Cuba,MNCH_SAB: Skilled birth attendant - percentage of deliveries attended by skilled health personnel,_T: Total,2021,99.9,0: Units,PCNT: %,RP: Reported,F: Free,,,,"Cadres included align with the standard definition of: Doctor, nurse and/or midwife",,Plataforma ODS Cuba; actualización 2021,Joint UNICEF-WHO Database on Skilled Birth Attendance 2024 (SDG inclusion=1),,EOF: End of fieldwork,,2000-2021,Y15T49: 15 to 49 years old,2021,CUB
UNICEF:GLOBAL_DATAFLOW(1.0): Cross-sector indicators,CYP: Cyprus,MNCH_SAB: Skilled birth attendant - percentage of deliveries attended by skilled health personnel,_T: Total,2021,99.9,0: Units,PCNT: %,RP: Reported,F: Free,,,,Institutional Birth (IB): includes all deliveries that occurred at a health facility,,Health Monitoring Unit (HMU); Ministry of Health,Joint UNICEF-WHO Database on Skilled Birth Attendance 2024 (SDG inclusion=1),,EOF: End of fieldwork,,2000-2021,Y15T49: 15 to 49 years old,2021,CYP
UNICEF:GLOBAL_DATAFLOW(1.0): Cross-sector indicators,DEU: Germany,MNCH_SAB: Skilled birth attendant - percentage of deliveries attended by skilled health personnel,_T: Total,2021,96.3,0: Units,PCNT: %,RP: Reported,F: Free,,,,Institutional Birth (IB): includes all deliveries that occurred at a health facility,,Indicator 3..2.1: proportion of births attended by skilled health personnel [online database]. Wiesbaden: Statistisches Bundesamt (DESTATIS); 2023 (http://sdg-indikatoren.de/en/3-1-2/); accessed 21 September 2023).,Joint UNICEF-WHO Database on Skilled Birth Attendance 2024 (SDG inclusion=1),,EOF: End of fieldwork,,2000-2021,Y15T49: 15 to 49 years old,2021,DEU
UNICEF:GLOBAL_DATAFLOW(1.0): Cross-sector indicators,DMA: Dominica,MNCH_SAB: Skilled birth attendant - percentage of deliveries attended by skilled health personnel,_T: Total,2020,100.0,0: Units,PCNT: %,RP: Reported,F: Free,,,,Unclear definition of the cadres included (Trained personnel),,PLISA Health Information Platform. Indicator profile: Deliveries attended by skilled birth attendants (%) [online database]. Washington; DC: Pan American Health Organization/World Health Organization (PAHO/WHO); 2021 (https://opendata.paho.org/es/indicadores-basicos/tablero-de-los-indicadores-basicos; accessed 30 December 2021).,Joint UNICEF-WHO Database on Skilled Birth Attendance 2024 (SDG inclusion=1),,EOF: End of fieldwork,,2000-2020,Y15T49: 15 to 49 years old,2020,DMA
UNICEF:GLOBAL_DATAFLOW(1.0): Cross-sector indicators,DNK: Denmark,MNCH_SAB: Skilled birth attendant - percentage of deliveries attended by skilled health personnel,_T: Total,2022,96.4,0: Units,PCNT: %,RP: Reported,F: Free,,,,Institutional Birth (IB): includes all deliveries that occurred at a health facility,,Det Medicinske Fødselsregister (MFR); MFR-kuben; Institutional deliveries [online database]. Copenhagen: Sundhedsdatastyrelsen [National Board of Health Data; Denmark]; 2023 (https://www.esundhed.dk/Emner/Graviditet-foedsler-og-boern/Nyfoedte-og-foedsler-1997-#tabpanel6B95F8298EB444F48C3403E7B75B7202; accessed 21 September; 2023; in Danish).,Joint UNICEF-WHO Database on Skilled Birth Attendance 2024 (SDG inclusion=1),,EOF: End of fieldwork,,2000-2022,Y15T49: 15 to 49 years old,2022,DNK
UNICEF:GLOBAL_DATAFLOW(1.0): Cross-sector indicators,DOM: Dominican Republic,MNCH_SAB: Skilled birth attendant - percentage of deliveries attended by skilled health personnel,_T: Total,2019,99.2,0: Units,PCNT: %,RP: Reported,F: Free,,,,"Definition includes other cadres that is not in alignment with the standard definition (Médico general (17.2%), Enfermera o comadrona(31.4%), Ginecóloga u Obstetra (49.8%), Médico de otra especialidad (0.8%))",,Encuesta Nacional de Hogares de Propósitos Múltiples con Metodología de Encuestas de Índicadores Múltiples por Conglomerado (ENHOGAR MICS 2019),Joint UNICEF-WHO Database on Skilled Birth Attendance 2024 (SDG inclusion=1),,EOF: End of fieldwork,,2000-2019,Y15T49: 15 to 49 years old,2019,DOM
UNICEF:GLOBAL_DATAFLOW(1.0): Cross-sector indicators,DZA: Algeria,MNCH_SAB: Skilled birth attendant - percentage of deliveries attended by skilled health personnel,_T: Total,2019,98.8,0: Units,PCNT: %,RP: Reported,F: Free,,,,"Cadres included align with the standard definition of: Doctor, nurse and/or midwife",,Enquête par grappes à indicateurs multiples (MICS) Algérie; 2018-2019. Alger: Ministère de la Santé; de la Population et de la Réforme Hospitalière; 2020 (in French).,Joint UNICEF-WHO Database on Skilled Birth Attendance 2024 (SDG inclusion=1),,EOF: End of fieldwork,,2006-2019,Y15T49: 15 to 49 years old,2019,DZA
UNICEF:GLOBAL_DATAFLOW(1.0): Cross-sector indicators,ECU: Ecuador,MNCH_SAB: Skilled birth attendant - percentage of deliveries attended by skilled health personnel,_T: Total,2020,96.3,0: Units,PCNT: %,RP: Reported,F: Free,,,,"Cadres included align with the standard definition of: Doctor, nurse and/or midwife (Doctors, obstetrician and nurse)",,Registro Estadístico de Nacidos Vivos; Instituto Nacional de Estadística y Censos,Joint UNICEF-WHO Database on Skilled Birth Attendance 2024 (SDG inclusion=1),,EOF: End of fieldwork,,2000-2020,Y15T49: 15 to 49 years old,2020,ECU
UNICEF:GLOBAL_DATAFLOW(1.0): Cross-sector indicators,EGY: Egypt,MNCH_SAB: Skilled birth attendant - percentage of deliveries attended by skilled health personnel,_T: Total,2021,97.1,0: Units,PCNT: %,RP: Reported,F: Free,,,,"Cadres included align with the standard definition of: Doctor, nurse and/or midwife",,Egypt Family Health Survey (EFHS) 2021.,Joint UNICEF-WHO Database on Skilled Birth Attendance 2024 (SDG inclusion=1),,EOF: End of fieldwork,,2000-2021,Y15T49: 15 to 49 years old,2021,EGY
UNICEF:GLOBAL_DATAFLOW(1.0): Cross-sector indicators,ESP: Spain,MNCH_SAB: Skilled birth attendant - percentage of deliveries attended by skilled health personnel,_T: Total,2022,99.9,0: Units,PCNT: %,RP: Reported,F: Free,,,,"Unclear definition of the cadres included (Doctor, midwife, nurse)",,INEbase. Goals and targets from the 2030 Agenda for Sustainabale Development. Indicator 3.1.2 [online database]. Madrid: Insittuto Nacional de Estadística (INE) [Spain]; 2024 (https://www.ine.es/dynt3/ODS/en/objetivo.htm?id=4846) accessed February 23 2024).,Joint UNICEF-WHO Database on Skilled Birth Attendance 2024 (SDG inclusion=1),,EOF: End of fieldwork,,2015-2022,Y15T49: 15 to 49 years old,2022,ESP
UNICEF:GLOBAL_DATAFLOW(1.0): Cross-sector indicators,EST: Estonia,MNCH_SAB: Skilled birth attendant - percentage of deliveries attended by skilled health personnel,_T: Total,2022,99.1,0: Units,PCNT: %,RP: Reported,F: Free,,,,Institutional Birth (IB): includes all deliveries that occurred at a health facility,,Estonian Medical Birth Registry (EMBR). SR03: Births by hospital and women's place of residence; 2022. Tallinn: National Institute for Health Development [Estonia]; 2023.,Joint UNICEF-WHO Database on Skilled Birth Attendance 2024 (SDG inclusion=1),,EOF: End of fieldwork,,2000-2022,Y15T49: 15 to 49 years old,2022,EST
UNICEF:GLOBAL_DATAFLOW(1.0): Cross-sector indicators,ETH: Ethiopia,MNCH_SAB: Skilled birth attendant - percentage of deliveries attended by skilled health personnel,_T: Total,2019,49.8,0: Units,PCNT: %,RP: Reported,F: Free,,,,"Cadres included align with the standard definition of: Doctor, nurse and/or midwife",,Ethiopian Public Health Institute (EPHI) [Ethiopia] and ICF. 2019. Ethiopia Mini Demographic andHealth Survey 2019: Key Indicators. Rockville; Maryland; USA: EPHI and ICF.,Joint UNICEF-WHO Database on Skilled Birth Attendance 2024 (SDG inclusion=1),,EOF: End of fieldwork,,2000-2019,Y15T49: 15 to 49 years old,2019,ETH
UNICEF:GLOBAL_DATAFLOW(1.0): Cross-sector indicators,FIN: Finland,MNCH_SAB: Skilled birth attendant - percentage of deliveries attended by skilled health personnel,_T: Total,2021,99.5,0: Units,PCNT: %,RP: Reported,F: Free,,,,Unclear definition of the cadres included (Skilled health personnel),,Statistics Finland: https://pxnet2.stat.fi/PXWeb/pxweb/en/SDG/,Joint UNICEF-WHO Database on Skilled Birth Attendance 2024 (SDG inclusion=1),,EOF: End of fieldwork,,2000-2021,Y15T49: 15 to 49 years old,2021,FIN
UNICEF:GLOBAL_DATAFLOW(1.0): Cross-sector indicators,FJI: Fiji,MNCH_SAB: Skilled birth attendant - percentage of deliveries attended by skilled health personnel,_T: Total,2021,99.8,0: Units,PCNT: %,RP: Reported,F: Free,,,,"Cadres included align with the standard definition of: Doctor, nurse and/or midwife (Medical doctor, nurse, midwife)",,Fiji Bureau of Statistics. 2022. Fiji Multiple Indicator Cluster Survey 2021; Survey Findings Report. Suva; Fiji: Fiji Bureau of Statistics.,Joint UNICEF-WHO Database on Skilled Birth Attendance 2024 (SDG inclusion=1),,EOF: End of fieldwork,,2000-2021,Y15T49: 15 to 49 years old,2021,FJI
UNICEF:GLOBAL_DATAFLOW(1.0): Cross-sector indicators,FRA: France,MNCH_SAB: Skilled birth attendant - percentage of deliveries attended by skilled health personnel,_T: Total,2021,97.3,0: Units,PCNT: %,RP: Reported,F: Free,,,,Institutional Birth (IB): includes all deliveries that occurred at a health facility,,T64: Nés vivants selon la condition de l'accouchement et le groupe d'âges de la mère. France métropolitaine. Année 2021 [website]. Paris: Institut National de la Statistique et des Études Économiques (INSEE) [National Institute of Statistics and Economic Studies]; 2023 (https://www.insee.fr/fr/recherche?idprec=5414765&q=N%C3%A9s%20vivants%20selon%20la%20condition%20de%20l%27accouchement%20et%20le%20groupe%20d%27%C3%A2ges%20de%20la%20m%C3%A8r&debut=0); accessed 21 September 2023; (in French).,Joint UNICEF-WHO Database on Skilled Birth Attendance 2024 (SDG inclusion=1),,EOF: End of fieldwork,,2001-2023,Y15T49: 15 to 49 years old,2021,FRA
UNICEF:GLOBAL_DATAFLOW(1.0): Cross-sector indicators,GAB: Gabon,MNCH_SAB: Skilled birth attendant - percentage of deliveries attended by skilled health personnel,_T: Total,2021,95.2,0: Units,PCNT: %,RP: Reported,F: Free,,,,"Cadres included align with the standard definition of: Doctor, nurse and/or midwife (doctor, midwife, delivery nurse, nurse)",,Direction Générale de la Statistique (DGS) et ICF. 2023. Enquête Démographique et de Santé au Gabon; 2019–21. Libreville; Gabon et Rockville; Maryland; USA : DGS et ICF.,Joint UNICEF-WHO Database on Skilled Birth Attendance 2024 (SDG inclusion=1),,EOF: End of fieldwork,,2001-2021,Y15T49: 15 to 49 years old,2021,GAB
UNICEF:GLOBAL_DATAFLOW(1.0): Cross-sector indicators,GEO: Georgia,MNCH_SAB: Skilled birth attendant - percentage of deliveries attended by skilled health personnel,_T: Total,2022,99.7,0: Units,PCNT: %,RP: Reported,F: Free,,,,Unclear definition of the cadres included (Skilled health personnel),,Electronic Registry for Maternal and Newborn Health (Birth Registry) Five year report 2018-2022,Joint UNICEF-WHO Database on Skilled Birth Attendance 2024 (SDG inclusion=1),,EOF: End of fieldwork,,2000-2022,Y15T49: 15 to 49 years old,2022,GEO
UNICEF:GLOBAL_DATAFLOW(1.0): Cross-sector indicators,GHA: Ghana,MNCH_SAB: Skilled birth attendant - percentage of deliveries attended by skilled health personnel,_T: Total,2018,78.9,0: Units,PCNT: %,RP: Reported,F: Free,,,,"Cadres included align with the standard definition of: Doctor, nurse and/or midwife",,Multiple Indicator Cluster Survey (MICS2017/18); Survey Findings Report. Accra; Ghana: GSS,Joint UNICEF-WHO Database on Skilled Birth Attendance 2024 (SDG inclusion=1),,EOF: End of fieldwork,,2003-2023,Y15T49: 15 to 49 years old,2018,GHA
UNICEF:GLOBAL_DATAFLOW(1.0): Cross-sector indicators,GIN: Guinea,MNCH_SAB: Skilled birth attendant - percentage of deliveries attended by skilled health personnel,_T: Total,2018,55.3,0: Units,PCNT: %,RP: Reported,F: Free,,,,"Definition includes other cadres that is not in alignment with the standard definition (Médecins, infirmières, sages-femmes, agent technique de santé)",,Enquête Démographique et de Santé en Guinée 2018. Conakry; Rockville; Maryland: Institut National de la Statistique (INS); ICF; 2018 (in French).,Joint UNICEF-WHO Database on Skilled Birth Attendance 2024 (SDG inclusion=1),,EOF: End of fieldwork,,2003-2018,Y15T49: 15 to 49 years old,2018,GIN
UNICEF:GLOBAL_DATAFLOW(1.0): Cross-sector indicators,GMB: Gambia,MNCH_SAB: Skilled birth attendant - percentage of deliveries attended by skilled health personnel,_T: Total,2020,83.8,0: Units,PCNT: %,RP: Reported,F: Free,,,,"Cadres included align with the standard definition of: Doctor, nurse and/or midwife",,Gambia Bureau of Statistics (GBoS) and ICF. 2021. The Gambia Demographic and Health Survey 2019-20. Banjul; The Gambia and Rockville; Maryland; USA: GBoS and ICF.,Joint UNICEF-WHO Database on Skilled Birth Attendance 2024 (SDG inclusion=1),,EOF: End of fieldwork,,2000-2020,Y15T49: 15 to 49 years old,2020,GMB
UNICEF:GLOBAL_DATAFLOW(1.0): Cross-sector indicators,GNB: Guinea-Bissau,MNCH_SAB: Skilled birth attendant - percentage of deliveries attended by skilled health personnel,_T: Total,2019,53.8,0: Units,PCNT: %,RP: Reported,F: Free,,,,"Cadres included align with the standard definition of: Doctor, nurse and/or midwife",,Ministério da Economia e Finanças; Direção Geral do Plano/Instituto Nacional de Estatística (INE). Inquérito aos Indicadores Múltiplos (MICS6) 2018-2019; Relatório Final. Bissau; Guiné-Bissau: Ministério da Economia e Finanças e Direção Geral do Plano/ Instituto Nacional de Estatística (INE); 2020. (in Portuguese),Joint UNICEF-WHO Database on Skilled Birth Attendance 2024 (SDG inclusion=1),,EOF: End of fieldwork,,2000-2019,Y15T49: 15 to 49 years old,2019,GNB
UNICEF:GLOBAL_DATAFLOW(1.0): Cross-sector indicators,GRC: Greece,MNCH_SAB: Skilled birth attendant - percentage of deliveries attended by skilled health personnel,_T: Total,2022,99.9,0: Units,PCNT: %,RP: Reported,F: Free,,,,"Cadres included align with the standard definition of: Doctor, nurse and/or midwife",,Hellenic Republic; Hellenic Statistical Authority; Directorate General of Statistics; Population and Migration Statistics Section.,Joint UNICEF-WHO Database on Skilled Birth Attendance 2024 (SDG inclusion=1),,EOF: End of fieldwork,,2000-2022,Y15T49: 15 to 49 years old,2022,GRC
UNICEF:GLOBAL_DATAFLOW(1.0): Cross-sector indicators,GRD: Grenada,MNCH_SAB: Skilled birth attendant - percentage of deliveries attended by skilled health personnel,_T: Total,2020,100.0,0: Units,PCNT: %,RP: Reported,F: Free,,,,Unclear definition of the cadres included (Skilled health personnel),,PLISA Health Information Platform. Indicator profile: Deliveries attended by skilled birth attendants (%) [online database]. Washington; DC: Pan American Health Organization/World Health Organization (PAHO/WHO); 2023 (https://opendata.paho.org/es/indicadores-basicos/tablero-de-los-indicadores-basicos; accessed 21 September 2023).,Joint UNICEF-WHO Database on Skilled Birth Attendance 2024 (SDG inclusion=1),,EOF: End of fieldwork,,2000-2020,Y15T49: 15 to 49 years old,2020,GRD
UNICEF:GLOBAL_DATAFLOW(1.0): Cross-sector indicators,GUY: Guyana,MNCH_SAB: Skilled birth attendant - percentage of deliveries attended by skilled health personnel,_T: Total,2020,97.6,0: Units,PCNT: %,RP: Reported,F: Free,,,,"Cadres included align with the standard definition of: Doctor, nurse and/or midwife ( )",,Government of Guyana and UNICEF. 2021. Guyana Multiple Indicator Cluster Survey 2019-2020; Survey FindingsReport. Georgetown; Guyana: UNICEFhas context menu,Joint UNICEF-WHO Database on Skilled Birth Attendance 2024 (SDG inclusion=1),,EOF: End of fieldwork,,2000-2020,Y15T49: 15 to 49 years old,2020,GUY
UNICEF:GLOBAL_DATAFLOW(1.0): Cross-sector indicators,HND: Honduras,MNCH_SAB: Skilled birth attendant - percentage of deliveries attended by skilled health personnel,_T: Total,2019,94.1,0: Units,PCNT: %,RP: Reported,F: Free,,,,"Definition includes other cadres that is not in alignment with the standard definition (Doctor (89.1), nurse (2.8), auxilliary nurse (2.2))",,Instituto Nacional de Estadísticas y la Secretaria de Salud deHonduras. (2021). Encuesta Nacional de Demografía y Salud/ Encuesta de Indicadores Múltiples por Conglomerados.Honduras 2019. Tegucigalpa.,Joint UNICEF-WHO Database on Skilled Birth Attendance 2024 (SDG inclusion=1),,EOF: End of fieldwork,,2001-2019,Y15T49: 15 to 49 years old,2019,HND
UNICEF:GLOBAL_DATAFLOW(1.0): Cross-sector indicators,HRV: Croatia,MNCH_SAB: Skilled birth attendant - percentage of deliveries attended by skilled health personnel,_T: Total,2019,99.9,0: Units,PCNT: %,RP: Reported,F: Free,,,,"Cadres included align with the standard definition of: Doctor, nurse and/or midwife",,Natural Change in Population; 2019. Zagreb: Croatian Bureau of Statistics; 2020.,Joint UNICEF-WHO Database on Skilled Birth Attendance 2024 (SDG inclusion=1),,EOF: End of fieldwork,,2000-2019,Y15T49: 15 to 49 years old,2019,HRV
UNICEF:GLOBAL_DATAFLOW(1.0): Cross-sector indicators,IDN: Indonesia,MNCH_SAB: Skilled birth attendant - percentage of deliveries attended by skilled health personnel,_T: Total,2019,94.7,0: Units,PCNT: %,RP: Reported,F: Free,,,,"Cadres included align with the standard definition of: Doctor, nurse and/or midwife",,Statistik Kesejahteraan Rakyat. Welfare statistics 2019. Jakarta: Badan Pusat Statistik (BPS) [Statistics Indonesia]; 2019.,Joint UNICEF-WHO Database on Skilled Birth Attendance 2024 (SDG inclusion=1),,EOF: End of fieldwork,,2003-2023,Y15T49: 15 to 49 years old,2019,IDN
UNICEF:GLOBAL_DATAFLOW(1.0): Cross-sector indicators,IND: India,MNCH_SAB: Skilled birth attendant - percentage of deliveries attended by skilled health personnel,_T: Total,2021,89.4,0: Units,PCNT: %,RP: Reported,F: Free,,,,"Definition includes other cadres that is not in alignment with the standard definition (Doctor, auxiliary nurse midwife, nurse, midwife, lady health visitor, and other health personnel)",,International Institute for Population Sciences (IIPS) and ICF. 2021.National Family Health Survey (NFHS-5); 2019-21: India: Volume I. Mumbai: IIPS.,Joint UNICEF-WHO Database on Skilled Birth Attendance 2024 (SDG inclusion=1),,EOF: End of fieldwork,,2000-2021,Y15T49: 15 to 49 years old,2021,IND
UNICEF:GLOBAL_DATAFLOW(1.0): Cross-sector indicators,IRL: Ireland,MNCH_SAB: Skilled birth attendant - percentage of deliveries attended by skilled health personnel,_T: Total,2020,99.6,0: Units,PCNT: %,RP: Reported,F: Free,,,,Institutional Birth (IB): includes all deliveries that occurred at a health facility,,Healthcare Pricing Office (HPO); Health Service Executive (HSE). Perinatal Statistics Report 2020. Version 1.0. Dublin: HSE; 2022.,Joint UNICEF-WHO Database on Skilled Birth Attendance 2024 (SDG inclusion=1),,EOF: End of fieldwork,,2000-2020,Y15T49: 15 to 49 years old,2020,IRL
UNICEF:GLOBAL_DATAFLOW(1.0): Cross-sector indicators,IRQ: Iraq,MNCH_SAB: Skilled birth attendant - percentage of deliveries attended by skilled health personnel,_T: Total,2018,95.6,0: Units,PCNT: %,RP: Reported,F: Free,,,,"Cadres included align with the standard definition of: Doctor, nurse and/or midwife",,Iraq 2018 Multiple Indicator Cluster Survey (MICS6). Survey Findings Report. Baghdad: Central Statistical Organization (CSO); United Nations Children's Fund (UNICEF); 2019.,Joint UNICEF-WHO Database on Skilled Birth Attendance 2024 (SDG inclusion=1),,EOF: End of fieldwork,,2000-2018,Y15T49: 15 to 49 years old,2018,IRQ
UNICEF:GLOBAL_DATAFLOW(1.0): Cross-sector indicators,ISL: Iceland,MNCH_SAB: Skilled birth attendant - percentage of deliveries attended by skilled health personnel,_T: Total,2020,97.4,0: Units,PCNT: %,RP: Reported,F: Free,,,,Institutional Birth (IB): includes all deliveries that occurred at a health facility,,Births: Home deliveries as percentage of all deliveries in Iceland 1980-2020 [website]. Reykjavík: Directorate of Health [Iceland]; 2021 (https://www.landlaeknir.is/tolfraedi-og-rannsoknir/tolfraedi/allt-talnaefni/); accessed 28 September 2021.,Joint UNICEF-WHO Database on Skilled Birth Attendance 2024 (SDG inclusion=1),,EOF: End of fieldwork,,2000-2020,Y15T49: 15 to 49 years old,2020,ISL
UNICEF:GLOBAL_DATAFLOW(1.0): Cross-sector indicators,ITA: Italy,MNCH_SAB: Skilled birth attendant - percentage of deliveries attended by skilled health personnel,_T: Total,2021,99.4,0: Units,PCNT: %,RP: Reported,F: Free,,,,Institutional Birth (IB): includes all deliveries that occurred at a health facility,,Certificato di assistenza al parto (CeDAP). Analisi dell'evento nascita - Anno 2021. Roma: Direzione Generale della Digitalizzazione; del Sistema Informativo Sanitario e della Statistica – Ufficio di Statistica; 2022 (in Italian).,Joint UNICEF-WHO Database on Skilled Birth Attendance 2024 (SDG inclusion=1),,EOF: End of fieldwork,,2000-2021,Y15T49: 15 to 49 years old,2021,ITA
UNICEF:GLOBAL_DATAFLOW(1.0): Cross-sector indicators,JAM: Jamaica,MNCH_SAB: Skilled birth attendant - percentage of deliveries attended by skilled health personnel,_T: Total,2021,99.8,0: Units,PCNT: %,RP: Reported,F: Free,,,,Unclear definition of the cadres included (Skilled health personnel),,PLISA Health Information Platform. Indicator profile: Deliveries attended by skilled birth attendants (%) [online database]. Washington; DC: Pan American Health Organization/World Health Organization (PAHO/WHO); 2023 (https://opendata.paho.org/es/indicadores-basicos/tablero-de-los-indicadores-basicos; accessed 21 September 2023).,Joint UNICEF-WHO Database on Skilled Birth Attendance 2024 (SDG inclusion=1),,EOF: End of fieldwork,,2000-2021,Y15T49: 15 to 49 years old,2021,JAM
UNICEF:GLOBAL_DATAFLOW(1.0): Cross-sector indicators,JOR: Jordan,MNCH_SAB: Skilled birth attendant - percentage of deliveries attended by skilled health personnel,_T: Total,2018,99.7,0: Units,PCNT: %,RP: Reported,F: Free,,,,"Cadres included align with the standard definition of: Doctor, nurse and/or midwife",,Jordan Population and Family and Health Survey2017-18. Amman; Jordan; and Rockville; Maryland; USA: Department of Statistics (DOS) ; ICF; 2019.,Joint UNICEF-WHO Database on Skilled Birth Attendance 2024 (SDG inclusion=1),,EOF: End of fieldwork,,2002-2023,Y15T49: 15 to 49 years old,2018,JOR
UNICEF:GLOBAL_DATAFLOW(1.0): Cross-sector indicators,JPN: Japan,MNCH_SAB: Skilled birth attendant - percentage of deliveries attended by skilled health personnel,_T: Total,2022,99.8,0: Units,PCNT: %,RP: Reported,F: Free,,,,Institutional Birth (IB): includes all deliveries that occurred at a health facility,,2022 vital statistics of Japan Volume 1; Natality Table 4.7: Number of live births by place of delivery: Japan; 2022 (https://www.e-stat.go.jp/stat-search/files?stat_infid=000040101527),Joint UNICEF-WHO Database on Skilled Birth Attendance 2024 (SDG inclusion=1),,EOF: End of fieldwork,,2000-2022,Y15T49: 15 to 49 years old,2022,JPN
UNICEF:GLOBAL_DATAFLOW(1.0): Cross-sector indicators,KAZ: Kazakhstan,MNCH_SAB: Skilled birth attendant - percentage of deliveries attended by skilled health personnel,_T: Total,2018,99.9,0: Units,PCNT: %,RP: Reported,F: Free,,,,"Institutional Birth (IB): includes all deliveries that occurred at a health facility (Births that occur in medical institutions with the help of qualified medical staff (doctors, obstetricians, etc.))",,Ministry of Healthcare of the Republic of Kazakhstan. Country consultation Dec 2019; 2019.,Joint UNICEF-WHO Database on Skilled Birth Attendance 2024 (SDG inclusion=1),,EOF: End of fieldwork,,2000-2018,Y15T49: 15 to 49 years old,2018,KAZ
UNICEF:GLOBAL_DATAFLOW(1.0): Cross-sector indicators,KEN: Kenya,MNCH_SAB: Skilled birth attendant - percentage of deliveries attended by skilled health personnel,_T: Total,2022,89.3,0: Units,PCNT: %,RP: Reported,F: Free,,,,"Definition includes other cadres that is not in alignment with the standard definition (doctor, nurse, midwife, clinical officer)",,KNBS and ICF. 2023. Kenya Demographic and Health Survey 2022. Nairobi; Kenya; and Rockville; Maryland;USA: KNBS and ICF.,Joint UNICEF-WHO Database on Skilled Birth Attendance 2024 (SDG inclusion=1),,EOF: End of fieldwork,,2000-2022,Y15T49: 15 to 49 years old,2022,KEN
UNICEF:GLOBAL_DATAFLOW(1.0): Cross-sector indicators,KGZ: Kyrgyzstan,MNCH_SAB: Skilled birth attendant - percentage of deliveries attended by skilled health personnel,_T: Total,2020,100.0,0: Units,PCNT: %,RP: Reported,F: Free,,,,"Cadres included align with the standard definition of: Doctor, nurse and/or midwife (Medical doctor, Nurse/Midwife and Feldsher)",,National Statistical Committee of the Kyrgyz Republic and UNICEF; MICS Follow-up Survey on Covid-19 impact on children and women in Kyrgyzstan; Snapshots of Key Findings. Bishkek; Kyrgyzstan: National Statistical Committee of the Kyrgyz Republic and UNICEF.,Joint UNICEF-WHO Database on Skilled Birth Attendance 2024 (SDG inclusion=1),,EOF: End of fieldwork,,2000-2020,Y15T49: 15 to 49 years old,2020,KGZ
UNICEF:GLOBAL_DATAFLOW(1.0): Cross-sector indicators,KHM: Cambodia,MNCH_SAB: Skilled birth attendant - percentage of deliveries attended by skilled health personnel,_T: Total,2022,98.7,0: Units,PCNT: %,RP: Reported,F: Free,,,,"Cadres included align with the standard definition of: Doctor, nurse and/or midwife (doctor, nurse/midwife, and auxiliary midwife.)",,National Institute of Statistics (NIS) [Cambodia]; Ministry of Health (MoH) [Cambodia]; and ICF. 2023.Cambodia Demographic and Health Survey 2021–22 Final Report. Phnom Penh; Cambodia; and Rockville;Maryland; USA: NIS; MoH; and ICF.,Joint UNICEF-WHO Database on Skilled Birth Attendance 2024 (SDG inclusion=1),,EOF: End of fieldwork,,2000-2022,Y15T49: 15 to 49 years old,2022,KHM
UNICEF:GLOBAL_DATAFLOW(1.0): Cross-sector indicators,KIR: Kiribati,MNCH_SAB: Skilled birth attendant - percentage of deliveries attended by skilled health personnel,_T: Total,2019,91.9,0: Units,PCNT: %,RP: Reported,F: Free,,,,"Definition includes other cadres that is not in alignment with the standard definition (medical doctor, nurse/midwife, medical assistant)",,Kiribati Social Development Indicator Survey 2018-19; Survey Findings Report. South Tarawa; Kiribati: National Statistics Office; United Nations Children's Fund (UNICEF); 2019.,Joint UNICEF-WHO Database on Skilled Birth Attendance 2024 (SDG inclusion=1),,EOF: End of fieldwork,,2000-2019,Y15T49: 15 to 49 years old,2019,KIR
UNICEF:GLOBAL_DATAFLOW(1.0): Cross-sector indicators,KNA: Saint Kitts and Nevis,MNCH_SAB: Skilled birth attendant - percentage of deliveries attended by skilled health personnel,_T: Total,2021,100.0,0: Units,PCNT: %,RP: Reported,F: Free,,,,Unclear definition of the cadres included (Skilled health personnel),,PLISA Health Information Platform. Indicator profile: Deliveries attended by skilled birth attendants (%) [online database]. Washington; DC: Pan American Health Organization/World Health Organization (PAHO/WHO); 2023 (https://opendata.paho.org/es/indicadores-basicos/tablero-de-los-indicadores-basicos; accessed 21 September 2023).,Joint UNICEF-WHO Database on Skilled Birth Attendance 2024 (SDG inclusion=1),,EOF: End of fieldwork,,2000-2021,Y15T49: 15 to 49 years old,2021,KNA
UNICEF:GLOBAL_DATAFLOW(1.0): Cross-sector indicators,KOR: Republic of Korea,MNCH_SAB: Skilled birth attendant - percentage of deliveries attended by skilled health personnel,_T: Total,2021,100.0,0: Units,PCNT: %,RP: Reported,F: Free,,,,Institutional Birth (IB): includes all deliveries that occurred at a health facility; Women age 19-49,,The 2021 National Survey on Fertility; Family Health & Welfare in Korea; Korea Institue for Health and Social Affairs; 2022,Joint UNICEF-WHO Database on Skilled Birth Attendance 2024 (SDG inclusion=1),,EOF: End of fieldwork,,2000-2021,Y15T49: 15 to 49 years old,2021,KOR
UNICEF:GLOBAL_DATAFLOW(1.0): Cross-sector indicators,KWT: Kuwait,MNCH_SAB: Skilled birth attendant - percentage of deliveries attended by skilled health personnel,_T: Total,2022,99.2,0: Units,PCNT: %,RP: Reported,F: Free,,,,Institutional Birth (IB): includes all deliveries that occurred at a health facility,,Annual Bulletin for Vital Statistics - Births and Deaths 2022. Kuwait City: Central Statistical Bureau (Office) [Kuwait]; 2023.,Joint UNICEF-WHO Database on Skilled Birth Attendance 2024 (SDG inclusion=1),,EOF: End of fieldwork,,2004-2022,Y15T49: 15 to 49 years old,2022,KWT
UNICEF:GLOBAL_DATAFLOW(1.0): Cross-sector indicators,LBR: Liberia,MNCH_SAB: Skilled birth attendant - percentage of deliveries attended by skilled health personnel,_T: Total,2020,84.4,0: Units,PCNT: %,RP: Reported,F: Free,,,,"Definition includes other cadres that is not in alignment with the standard definition (doctor, nurse, midwife, and physician assistant)",,Liberia Institute of Statistics and Geo-Information Services (LISGIS); Ministry of Health [Liberia]; and ICF. 2021. Liberia Demographic and Health Survey 2019-20. Monrovia; Liberia and Rockville; Maryland; USA: Liberia Institute of Statistics and Geo Information Services (LISGIS); Ministry of Health; and ICF,Joint UNICEF-WHO Database on Skilled Birth Attendance 2024 (SDG inclusion=1),,EOF: End of fieldwork,,2000-2020,Y15T49: 15 to 49 years old,2020,LBR
UNICEF:GLOBAL_DATAFLOW(1.0): Cross-sector indicators,LCA: Saint Lucia,MNCH_SAB: Skilled birth attendant - percentage of deliveries attended by skilled health personnel,_T: Total,2021,100.0,0: Units,PCNT: %,RP: Reported,F: Free,,,,Unclear definition of the cadres included (Skilled health personnel),,PLISA Health Information Platform. Indicator profile: Deliveries attended by skilled birth attendants (%) [online database]. Washington; DC: Pan American Health Organization/World Health Organization (PAHO/WHO); 2023 (https://opendata.paho.org/es/indicadores-basicos/tablero-de-los-indicadores-basicos; accessed 21 September 2023).,Joint UNICEF-WHO Database on Skilled Birth Attendance 2024 (SDG inclusion=1),,EOF: End of fieldwork,,2000-2021,Y15T49: 15 to 49 years old,2021,LCA
UNICEF:GLOBAL_DATAFLOW(1.0): Cross-sector indicators,LSO: Lesotho,MNCH_SAB: Skilled birth attendant - percentage of deliveries attended by skilled health personnel,_T: Total,2018,86.6,0: Units,PCNT: %,RP: Reported,F: Free,,,,"Cadres included align with the standard definition of: Doctor, nurse and/or midwife",,Lesotho Multiple Indicator Cluster Survey 2018; Survey Findings Report. Maseru: Bureau of Statistics [Lesotho]; 2019.,Joint UNICEF-WHO Database on Skilled Birth Attendance 2024 (SDG inclusion=1),,EOF: End of fieldwork,,2000-2018,Y15T49: 15 to 49 years old,2018,LSO
UNICEF:GLOBAL_DATAFLOW(1.0): Cross-sector indicators,LTU: Lithuania,MNCH_SAB: Skilled birth attendant - percentage of deliveries attended by skilled health personnel,_T: Total,2022,100.0,0: Units,PCNT: %,RP: Reported,F: Free,,,,Unclear definition of the cadres included (Skilled health personnel),,Official Statistics Portal Lithuania; 2023 (https://lithuaniasdg-en-ls-osp-sdg.hub.arcgis.com/pages/goal-3 accessed 22 September 2023).,Joint UNICEF-WHO Database on Skilled Birth Attendance 2024 (SDG inclusion=1),,EOF: End of fieldwork,,2000-2022,Y15T49: 15 to 49 years old,2022,LTU
UNICEF:GLOBAL_DATAFLOW(1.0): Cross-sector indicators,LVA: Latvia,MNCH_SAB: Skilled birth attendant - percentage of deliveries attended by skilled health personnel,_T: Total,2022,98.1,0: Units,PCNT: %,RP: Reported,F: Free,,,,Institutional Birth (IB): includes all deliveries that occurred at a health facility,,Health Statistics Database - Maternal and child health care (Veselības statistikas datubāze). Latvia; 2023 (https://statistika.spkc.gov.lv/pxweb/en/Health/Health__Mates_berna_veseliba/MCH010_dzemdibu_raditaji_regioni.px/ accessed 21 September 2023),Joint UNICEF-WHO Database on Skilled Birth Attendance 2024 (SDG inclusion=1),,EOF: End of fieldwork,,2007-2022,Y15T49: 15 to 49 years old,2022,LVA
UNICEF:GLOBAL_DATAFLOW(1.0): Cross-sector indicators,MAR: Morocco,MNCH_SAB: Skilled birth attendant - percentage of deliveries attended by skilled health personnel,_T: Total,2018,86.6,0: Units,PCNT: %,RP: Reported,F: Free,,,,"Cadres included align with the standard definition of: Doctor, nurse and/or midwife",,Enquête Nationale sur la Population et la Santé Familiale (ENPSF) 2018. Rapport final. Rabat: Ministère de la Santé [Morocco]; 2019 (in French).,Joint UNICEF-WHO Database on Skilled Birth Attendance 2024 (SDG inclusion=1),,EOF: End of fieldwork,,2004-2018,Y15T49: 15 to 49 years old,2018,MAR
UNICEF:GLOBAL_DATAFLOW(1.0): Cross-sector indicators,MDA: Republic of Moldova,MNCH_SAB: Skilled birth attendant - percentage of deliveries attended by skilled health personnel,_T: Total,2022,99.7,0: Units,PCNT: %,RP: Reported,F: Free,,,,Unclear definition of the cadres included (Skilled health personnel),,Statistical databank. Share of births attended by skilled health personnel by Indicators and Years [online database]. Chisinau: National Bureau of Statistics [Republic of Moldova]; 2023 (https://statbank.statistica.md/pxweb/pxweb/en/50%20Statistica%20gender/50%20Statistica%20gender__GEN04/GEN040600soc.px/table/tableViewLayout1/?rxid=b2ff27d7-0b96-43c9-934b-42e1a2a9a774); accessed 27 September 2023).,Joint UNICEF-WHO Database on Skilled Birth Attendance 2024 (SDG inclusion=1),,EOF: End of fieldwork,,2000-2022,Y15T49: 15 to 49 years old,2022,MDA
UNICEF:GLOBAL_DATAFLOW(1.0): Cross-sector indicators,MDG: Madagascar,MNCH_SAB: Skilled birth attendant - percentage of deliveries attended by skilled health personnel,_T: Total,2021,45.8,0: Units,PCNT: %,RP: Reported,F: Free,,,,"Cadres included align with the standard definition of: Doctor, nurse and/or midwife (Doctors, nurses and midwives)",,Institut National de la Statistique (INSTAT) et ICF. 2022. Enquête Démographique et de Santé à Madagascar; 2021. Antananarivo; Madagascar et Rockville; Maryland; USA : INSTAT et ICF.,Joint UNICEF-WHO Database on Skilled Birth Attendance 2024 (SDG inclusion=1),,EOF: End of fieldwork,,2000-2021,Y15T49: 15 to 49 years old,2021,MDG
UNICEF:GLOBAL_DATAFLOW(1.0): Cross-sector indicators,MEX: Mexico,MNCH_SAB: Skilled birth attendant - percentage of deliveries attended by skilled health personnel,_T: Total,2022,87.5,0: Units,PCNT: %,RP: Reported,F: Free,,,,,,PLISA Health Information Platform. Indicator profile: Deliveries attended by skilled birth attendants (%) [online database]. Washington; DC: Pan American Health Organization/World Health Organization (PAHO/WHO); 2023 (https://opendata.paho.org/es/indicadores-basicos/tablero-de-los-indicadores-basicos; accessed 1 February 2024).,Joint UNICEF-WHO Database on Skilled Birth Attendance 2024 (SDG inclusion=1),,EOF: End of fieldwork,,2000-2022,Y15T49: 15 to 49 years old,2022,MEX
UNICEF:GLOBAL_DATAFLOW(1.0): Cross-sector indicators,MKD: North Macedonia,MNCH_SAB: Skilled birth attendant - percentage of deliveries attended by skilled health personnel,_T: Total,2021,100.0,0: Units,PCNT: %,RP: Reported,F: Free,,,,"Cadres included align with the standard definition of: Doctor, nurse and/or midwife",,Statistical Yearbook of Republic of North Macedonia; 2022. Skopje: State Statistical office ( Republic of North Macedonia); 2022,Joint UNICEF-WHO Database on Skilled Birth Attendance 2024 (SDG inclusion=1),,EOF: End of fieldwork,,2000-2021,Y15T49: 15 to 49 years old,2021,MKD
UNICEF:GLOBAL_DATAFLOW(1.0): Cross-sector indicators,MLI: Mali,MNCH_SAB: Skilled birth attendant - percentage of deliveries attended by skilled health personnel,_T: Total,2018,67.3,0: Units,PCNT: %,RP: Reported,F: Free,,,,"Cadres included align with the standard definition of: Doctor, nurse and/or midwife (Doctor, nurse/midwife, matrone)",,Sixième Enquête Démographique et de Santé auMali 2018. Bamako; Rockville; Maryland: Institut National de la Statistique (INSTAT); Cellule de Planification et de Statistique Secteur Santé-DéveloppementSocial et Promotion de la Famille (CPS/SS-DS-PF); ICF; 2019.,Joint UNICEF-WHO Database on Skilled Birth Attendance 2024 (SDG inclusion=1),,EOF: End of fieldwork,,2001-2018,Y15T49: 15 to 49 years old,2018,MLI
UNICEF:GLOBAL_DATAFLOW(1.0): Cross-sector indicators,MLT: Malta,MNCH_SAB: Skilled birth attendant - percentage of deliveries attended by skilled health personnel,_T: Total,2022,99.8,0: Units,PCNT: %,RP: Reported,F: Free,,,,"Definition includes other cadres that is not in alignment with the standard definition (doctors, nurses, midwives or other health professionals providing childbirth care)",,National Obstetric Information System; Directorate for Health Information and Research [Malta] 2022; 2023,Joint UNICEF-WHO Database on Skilled Birth Attendance 2024 (SDG inclusion=1),,EOF: End of fieldwork,,2001-2022,Y15T49: 15 to 49 years old,2022,MLT
UNICEF:GLOBAL_DATAFLOW(1.0): Cross-sector indicators,MNE: Montenegro,MNCH_SAB: Skilled birth attendant - percentage of deliveries attended by skilled health personnel,_T: Total,2018,98.8,0: Units,PCNT: %,RP: Reported,F: Free,,,,"Cadres included align with the standard definition of: Doctor, nurse and/or midwife",,2018 Montenegro Multiple Indicator Cluster Survey and 2018 Montenegro Roma Settlements Multiple Indicator Cluster Survey; Survey Fndings Report. Podgorica: Statistical Office of Montenegro (MONSTAT); UNICEF; 2019.,Joint UNICEF-WHO Database on Skilled Birth Attendance 2024 (SDG inclusion=1),,EOF: End of fieldwork,,2000-2018,Y15T49: 15 to 49 years old,2018,MNE
UNICEF:GLOBAL_DATAFLOW(1.0): Cross-sector indicators,MNG: Mongolia,MNCH_SAB: Skilled birth attendant - percentage of deliveries attended by skilled health personnel,_T: Total,2018,99.3,0: Units,PCNT: %,RP: Reported,F: Free,,,,Definition includes other cadres that is not in alignment with the standard definition (Skilled birth attendant incl. auxiliary midwives (0.2)),,Mongolia Social Indicator Sample Survey - 2018. (Multiple Indicator Cluster Survey). Survey Findings Report. Ulaanbaatar: National Statistical Office of Mongolia; 2019.,Joint UNICEF-WHO Database on Skilled Birth Attendance 2024 (SDG inclusion=1),,EOF: End of fieldwork,,2000-2018,Y15T49: 15 to 49 years old,2018,MNG
UNICEF:GLOBAL_DATAFLOW(1.0): Cross-sector indicators,MRT: Mauritania,MNCH_SAB: Skilled birth attendant - percentage of deliveries attended by skilled health personnel,_T: Total,2021,70.4,0: Units,PCNT: %,RP: Reported,F: Free,,,,"Definition includes other cadres that is not in alignment with the standard definition (Gynecologists/physicians, nurses/midwives and auxiliary birth attendants)",,Office Nationale de la Statistique (ONS); ministère de la Santé (MS); et ICF. 2021. Enquête Démographique et de Santé en Mauritanie 2019-2021. Nouakchott; Mauritanie et Rockville; Maryland; USA : ONS; MS; et ICF.,Joint UNICEF-WHO Database on Skilled Birth Attendance 2024 (SDG inclusion=1),,EOF: End of fieldwork,,2001-2021,Y15T49: 15 to 49 years old,2021,MRT
UNICEF:GLOBAL_DATAFLOW(1.0): Cross-sector indicators,MSR: Montserrat,MNCH_SAB: Skilled birth attendant - percentage of deliveries attended by skilled health personnel,_T: Total,2020,100.0,0: Units,PCNT: %,RP: Reported,F: Free,,,,Unclear definition of the cadres included (Skilled health personnel),,PLISA Health Information Platform. Indicator profile: Deliveries attended by skilled birth attendants (%) [online database]. Washington; DC: Pan American Health Organization/World Health Organization (PAHO/WHO); 2023 (https://opendata.paho.org/es/indicadores-basicos/tablero-de-los-indicadores-basicos; accessed 21 September 2023).,Joint UNICEF-WHO Database on Skilled Birth Attendance 2024 (SDG inclusion=1),,EOF: End of fieldwork,,2001-2020,Y15T49: 15 to 49 years old,2020,MSR
UNICEF:GLOBAL_DATAFLOW(1.0): Cross-sector indicators,MUS: Mauritius,MNCH_SAB: Skilled birth attendant - percentage of deliveries attended by skilled health personnel,_T: Total,2021,99.7,0: Units,PCNT: %,RP: Reported,F: Free,,,,"Cadres included align with the standard definition of: Doctor, nurse and/or midwife",,Ministry of Health and Wellness,Joint UNICEF-WHO Database on Skilled Birth Attendance 2024 (SDG inclusion=1),,EOF: End of fieldwork,,2000-2021,Y15T49: 15 to 49 years old,2021,MUS
UNICEF:GLOBAL_DATAFLOW(1.0): Cross-sector indicators,MWI: Malawi,MNCH_SAB: Skilled birth attendant - percentage of deliveries attended by skilled health personnel,_T: Total,2020,96.4,0: Units,PCNT: %,RP: Reported,F: Free,,,,"Cadres included align with the standard definition of: Doctor, nurse and/or midwife",,National Statistical Office. 2021. Malawi Multiple Indicator Cluster Survey 2019-20; Survey Findings Report.Zomba; Malawi: National Statistical Office.,Joint UNICEF-WHO Database on Skilled Birth Attendance 2024 (SDG inclusion=1),,EOF: End of fieldwork,,2000-2020,Y15T49: 15 to 49 years old,2020,MWI
UNICEF:GLOBAL_DATAFLOW(1.0): Cross-sector indicators,MYS: Malaysia,MNCH_SAB: Skilled birth attendant - percentage of deliveries attended by skilled health personnel,_T: Total,2022,99.8,0: Units,PCNT: %,RP: Reported,F: Free,,,,"Cadres included align with the standard definition of: Doctor, nurse and/or midwife",,Sustainable Development Goals (SDG) Indicators Malaysia 2022,Joint UNICEF-WHO Database on Skilled Birth Attendance 2024 (SDG inclusion=1),,EOF: End of fieldwork,,2000-2022,Y15T49: 15 to 49 years old,2022,MYS
UNICEF:GLOBAL_DATAFLOW(1.0): Cross-sector indicators,NER: Niger,MNCH_SAB: Skilled birth attendant - percentage of deliveries attended by skilled health personnel,_T: Total,2021,43.7,0: Units,PCNT: %,RP: Reported,F: Free,,,,"Definition includes other cadres that is not in alignment with the standard definition (doctor, midwife, nurse/ICP)",,L'Enquête Nationale sur la Fécondité et la Mortalité des Enfants; ENAFEME Niger 2021,Joint UNICEF-WHO Database on Skilled Birth Attendance 2024 (SDG inclusion=1),,EOF: End of fieldwork,,2000-2021,Y15T49: 15 to 49 years old,2021,NER
UNICEF:GLOBAL_DATAFLOW(1.0): Cross-sector indicators,NGA: Nigeria,MNCH_SAB: Skilled birth attendant - percentage of deliveries attended by skilled health personnel,_T: Total,2021,50.7,0: Units,PCNT: %,RP: Reported,F: Free,,,,"Definition includes other cadres that is not in alignment with the standard definition (Medical doctor, Nurse/Midwife, Other qualified (Auxiliary midwife, MCH Aide, Community Health Extension worker))",,National Bureau of Statistics (NBS) and United Nations Children's Fund (UNICEF). August; 2022.Multiple Indicator Cluster Survey 2021; Survey Findings Report. Abuja; Nigeria: National Bureau ofStatistics and United Nations Children's Fund.,Joint UNICEF-WHO Database on Skilled Birth Attendance 2024 (SDG inclusion=1),,EOF: End of fieldwork,,2003-2021,Y15T49: 15 to 49 years old,2021,NGA
UNICEF:GLOBAL_DATAFLOW(1.0): Cross-sector indicators,NOR: Norway,MNCH_SAB: Skilled birth attendant - percentage of deliveries attended by skilled health personnel,_T: Total,2022,99.1,0: Units,PCNT: %,RP: Reported,F: Free,,,,Institutional Birth (IB): includes all deliveries that occurred at a health facility,,Folkehelseinstituttet; Medisinsk fødselsregister [Norwegian Institute of Public Health (NIPH); Medical Birth Registry]. Medisinsk fødselsregister - statistikkbank. Norway; 2023. (https://statistikkbank.fhi.no/mfr/ accessed 22 September 2023).,Joint UNICEF-WHO Database on Skilled Birth Attendance 2024 (SDG inclusion=1),,EOF: End of fieldwork,,2000-2022,Y15T49: 15 to 49 years old,2022,NOR
UNICEF:GLOBAL_DATAFLOW(1.0): Cross-sector indicators,NPL: Nepal,MNCH_SAB: Skilled birth attendant - percentage of deliveries attended by skilled health personnel,_T: Total,2022,80.1,0: Units,PCNT: %,RP: Reported,F: Free,,,,"Cadres included align with the standard definition of: Doctor, nurse and/or midwife (doctor, nurse, auxiliary midwife)",,Ministry of Health and Population [Nepal]; New ERA; and ICF. 2023. Nepal Demographic and Health Survey2022. Kathmandu; Nepal: Ministry of Health and Population [Nepal].,Joint UNICEF-WHO Database on Skilled Birth Attendance 2024 (SDG inclusion=1),,EOF: End of fieldwork,,2000-2022,Y15T49: 15 to 49 years old,2022,NPL
UNICEF:GLOBAL_DATAFLOW(1.0): Cross-sector indicators,NZL: New Zealand,MNCH_SAB: Skilled birth attendant - percentage of deliveries attended by skilled health personnel,_T: Total,2021,95.8,0: Units,PCNT: %,RP: Reported,F: Free,,,,Institutional Birth (IB): includes all deliveries that occurred at a health facility,,The New Zealand Maternity Clinical Indicators. New Zealand; 2023. (https://www.tewhatuora.govt.nz/our-health-system/data-and-statistics/maternity-clinical-indicators/ accessed 22 September 2023).,Joint UNICEF-WHO Database on Skilled Birth Attendance 2024 (SDG inclusion=1),,EOF: End of fieldwork,,2000-2021,Y15T49: 15 to 49 years old,2021,NZL
UNICEF:GLOBAL_DATAFLOW(1.0): Cross-sector indicators,OMN: Oman,MNCH_SAB: Skilled birth attendant - percentage of deliveries attended by skilled health personnel,_T: Total,2022,100.0,0: Units,PCNT: %,RP: Reported,F: Free,,,,Unclear definition of the cadres included,,Annual Health Report 2022. Muscat: Ministry of Health; Department of Health Information and Statistics; Directorate General of Planning [Oman]; 2023.,Joint UNICEF-WHO Database on Skilled Birth Attendance 2024 (SDG inclusion=1),,EOF: End of fieldwork,,2000-2022,Y15T49: 15 to 49 years old,2022,OMN
UNICEF:GLOBAL_DATAFLOW(1.0): Cross-sector indicators,PAK: Pakistan,MNCH_SAB: Skilled birth attendant - percentage of deliveries attended by skilled health personnel,_T: Total,2020,68.0,0: Units,PCNT: %,RP: Reported,F: Free,,,,"Definition includes other cadres that is not in alignment with the standard definition (Doctor (53%), nurse (6%), midwife (4%), LHV (5%))",,Pakistan Social and Living Standards Measurement Survey (PSLM) 2019-2020,Joint UNICEF-WHO Database on Skilled Birth Attendance 2024 (SDG inclusion=1),,EOF: End of fieldwork,,2002-2020,Y15T49: 15 to 49 years old,2020,PAK
UNICEF:GLOBAL_DATAFLOW(1.0): Cross-sector indicators,PAN: Panama,MNCH_SAB: Skilled birth attendant - percentage of deliveries attended by skilled health personnel,_T: Total,2021,92.5,0: Units,PCNT: %,RP: Reported,F: Free,,,,Unclear definition of the cadres included (Skilled health personnel),,PLISA Health Information Platform. Indicator profile: Deliveries attended by skilled birth attendants (%) [online database]. Washington; DC: Pan American Health Organization/World Health Organization (PAHO/WHO); 2023 (https://opendata.paho.org/es/indicadores-basicos/tablero-de-los-indicadores-basicos; accessed 21 September 2023).,Joint UNICEF-WHO Database on Skilled Birth Attendance 2024 (SDG inclusion=1),,EOF: End of fieldwork,,2000-2021,Y15T49: 15 to 49 years old,2021,PAN
UNICEF:GLOBAL_DATAFLOW(1.0): Cross-sector indicators,PER: Peru,MNCH_SAB: Skilled birth attendant - percentage of deliveries attended by skilled health personnel,_T: Total,2021,94.9,0: Units,PCNT: %,RP: Reported,F: Free,,,,"Cadres included align with the standard definition of: Doctor, nurse and/or midwife (Physician, obstetrician, and nurse)",,Instituo Nacional de Estadistica E Informatica [Peru]. 2021. Encuesta Demográfica y de Salud Familiar - ENDES 2021 Nacional Y Departamental.,Joint UNICEF-WHO Database on Skilled Birth Attendance 2024 (SDG inclusion=1),,EOF: End of fieldwork,,2000-2021,Y15T49: 15 to 49 years old,2021,PER
UNICEF:GLOBAL_DATAFLOW(1.0): Cross-sector indicators,PHL: Philippines,MNCH_SAB: Skilled birth attendant - percentage of deliveries attended by skilled health personnel,_T: Total,2022,89.6,0: Units,PCNT: %,RP: Reported,F: Free,,,,"Cadres included align with the standard definition of: Doctor, nurse and/or midwife (doctor, nurse, midwife)",,Philippine Statistics Authority (PSA) and ICF. 2023. 2022 Philippine National Demographic and HealthSurvey (NDHS): Final Report. Quezon City; Philippines; and Rockville; Maryland; USA: PSA and ICF.,Joint UNICEF-WHO Database on Skilled Birth Attendance 2024 (SDG inclusion=1),,EOF: End of fieldwork,,2000-2022,Y15T49: 15 to 49 years old,2022,PHL
UNICEF:GLOBAL_DATAFLOW(1.0): Cross-sector indicators,PLW: Palau,MNCH_SAB: Skilled birth attendant - percentage of deliveries attended by skilled health personnel,_T: Total,2022,98.7,0: Units,PCNT: %,RP: Reported,F: Free,,,,"Cadres included align with the standard definition of: Doctor, nurse and/or midwife",,2022 Statistical Yearbook. Koror: Ministry of Finance [Palau]; 2023.,Joint UNICEF-WHO Database on Skilled Birth Attendance 2024 (SDG inclusion=1),,EOF: End of fieldwork,,2000-2022,Y15T49: 15 to 49 years old,2022,PLW
UNICEF:GLOBAL_DATAFLOW(1.0): Cross-sector indicators,PNG: Papua New Guinea,MNCH_SAB: Skilled birth attendant - percentage of deliveries attended by skilled health personnel,_T: Total,2018,56.4,0: Units,PCNT: %,RP: Reported,F: Free,,,,"Definition includes other cadres that is not in alignment with the standard definition (Doctor, nurse, midwife, trained community health worker, trained village health volunteer.)",,Papua New Guinea Demographic and Health Survey 2016-18. Oirt Moresby; Rockeville; Maryland: National Statistical Office (NSO) [Papua New Guinea]; ICF; 2019.,Joint UNICEF-WHO Database on Skilled Birth Attendance 2024 (SDG inclusion=1),,EOF: End of fieldwork,,2004-2018,Y15T49: 15 to 49 years old,2018,PNG
UNICEF:GLOBAL_DATAFLOW(1.0): Cross-sector indicators,POL: Poland,MNCH_SAB: Skilled birth attendant - percentage of deliveries attended by skilled health personnel,_T: Total,2022,99.6,0: Units,PCNT: %,RP: Reported,F: Free,,,,"Cadres included align with the standard definition of: Doctor, nurse and/or midwife",,Statistics Poland (GUS) [Website]. Warsaw: Statistics Poland (GUS); 2023 (https://sdg.gov.pl/en/statistics_glob/3-1-2/; accessed 22 September 2023).,Joint UNICEF-WHO Database on Skilled Birth Attendance 2024 (SDG inclusion=1),,EOF: End of fieldwork,,2000-2022,Y15T49: 15 to 49 years old,2022,POL
UNICEF:GLOBAL_DATAFLOW(1.0): Cross-sector indicators,PRT: Portugal,MNCH_SAB: Skilled birth attendant - percentage of deliveries attended by skilled health personnel,_T: Total,2022,97.3,0: Units,PCNT: %,RP: Reported,F: Free,,,,Institutional Birth (IB): includes all deliveries that occurred at a health facility,,Annual Statistics Portugal – Deliveries (No.) by Place of residence of mother (NUTS - 2013) and Place (Delivery); Annual - Statistics Portugal; Childbirths; 2023. (https://www.ine.pt/xportal/xmain?xpid=INE&xpgid=ine_main accessed 22 September 2023).,Joint UNICEF-WHO Database on Skilled Birth Attendance 2024 (SDG inclusion=1),,EOF: End of fieldwork,,2011-2022,Y15T49: 15 to 49 years old,2022,PRT
UNICEF:GLOBAL_DATAFLOW(1.0): Cross-sector indicators,PRY: Paraguay,MNCH_SAB: Skilled birth attendant - percentage of deliveries attended by skilled health personnel,_T: Total,2021,91.2,0: Units,PCNT: %,RP: Reported,F: Free,,,,"Cadres included align with the standard definition of: Doctor, nurse and/or midwife",,MSPBS/DIGIES/DES. Subsistema de Información de Estadísticas Vitales (SSIEV). 2015-2021Recopilado por el INE - Sistema de Indicadores ODS,Joint UNICEF-WHO Database on Skilled Birth Attendance 2024 (SDG inclusion=1),,EOF: End of fieldwork,,2000-2021,Y15T49: 15 to 49 years old,2021,PRY
UNICEF:GLOBAL_DATAFLOW(1.0): Cross-sector indicators,PSE: State of Palestine,MNCH_SAB: Skilled birth attendant - percentage of deliveries attended by skilled health personnel,_T: Total,2020,99.7,0: Units,PCNT: %,RP: Reported,F: Free,,,,"Cadres included align with the standard definition of: Doctor, nurse and/or midwife",,Palestinian Central Bureau of Statistics; 2021. Palestinian Multiple Indicator Cluster Survey 2019-2020; Survey Findings Report; Ramallah; Palestine.,Joint UNICEF-WHO Database on Skilled Birth Attendance 2024 (SDG inclusion=1),,EOF: End of fieldwork,,2000-2020,Y15T49: 15 to 49 years old,2020,PSE
UNICEF:GLOBAL_DATAFLOW(1.0): Cross-sector indicators,QAT: Qatar,MNCH_SAB: Skilled birth attendant - percentage of deliveries attended by skilled health personnel,_T: Total,2021,100.0,0: Units,PCNT: %,RP: Reported,F: Free,,,,"Cadres included align with the standard definition of: Doctor, nurse and/or midwife",,Vital Statistics; Annual Bulletin. Births and Deaths 2021. Doha: Ministry of Development Planning and Statistics [Qatar]; 2023.,Joint UNICEF-WHO Database on Skilled Birth Attendance 2024 (SDG inclusion=1),,EOF: End of fieldwork,,2000-2021,Y15T49: 15 to 49 years old,2021,QAT
UNICEF:GLOBAL_DATAFLOW(1.0): Cross-sector indicators,ROU: Romania,MNCH_SAB: Skilled birth attendant - percentage of deliveries attended by skilled health personnel,_T: Total,2021,94.7,0: Units,PCNT: %,RP: Reported,F: Free,,,,"Cadres included align with the standard definition of: Doctor, nurse and/or midwife",,National Institute of Statistics; Vital Statistics regarding live births [Romania]; 2023,Joint UNICEF-WHO Database on Skilled Birth Attendance 2024 (SDG inclusion=1),,EOF: End of fieldwork,,2000-2021,Y15T49: 15 to 49 years old,2021,ROU
UNICEF:GLOBAL_DATAFLOW(1.0): Cross-sector indicators,RUS: Russian Federation,MNCH_SAB: Skilled birth attendant - percentage of deliveries attended by skilled health personnel,_T: Total,2022,99.7,0: Units,PCNT: %,RP: Reported,F: Free,,,,Unclear definition of the cadres included (Skilled health personnel),,Federal State Statistics Service. Data on SDG Indicators. Russia; 2023. (https://eng.rosstat.gov.ru/3.1.2) accessed September 27; 2023.,Joint UNICEF-WHO Database on Skilled Birth Attendance 2024 (SDG inclusion=1),,EOF: End of fieldwork,,2000-2022,Y15T49: 15 to 49 years old,2022,RUS
UNICEF:GLOBAL_DATAFLOW(1.0): Cross-sector indicators,RWA: Rwanda,MNCH_SAB: Skilled birth attendant - percentage of deliveries attended by skilled health personnel,_T: Total,2020,94.2,0: Units,PCNT: %,RP: Reported,F: Free,,,,"Definition includes other cadres that is not in alignment with the standard definition (Doctor, nurse/midwife, auxiliary midwife, community health worker, community mother and child)",,National Institute of Statistics of Rwanda (NISR) [Rwanda]; Ministry of Health (MOH) [Rwanda]; and ICF. 2021. Rwanda Demographic and Health Survey 2019-20 Final Report. Kigali; Rwanda; and Rockville; Maryland; USA: NISR and ICF.,Joint UNICEF-WHO Database on Skilled Birth Attendance 2024 (SDG inclusion=1),,EOF: End of fieldwork,,2000-2020,Y15T49: 15 to 49 years old,2020,RWA
UNICEF:GLOBAL_DATAFLOW(1.0): Cross-sector indicators,SAU: Saudi Arabia,MNCH_SAB: Skilled birth attendant - percentage of deliveries attended by skilled health personnel,_T: Total,2019,94.8,0: Units,PCNT: %,RP: Reported,F: Free,,,,"Cadres included align with the standard definition of: Doctor, nurse and/or midwife (Doctor, nurse or a midwife)",,Ministry of Health [Saudi Arabia]. 2019. World Health Survey Saudi Arabia 2019 Final Report.,Joint UNICEF-WHO Database on Skilled Birth Attendance 2024 (SDG inclusion=1),,EOF: End of fieldwork,,2000-2023,Y15T49: 15 to 49 years old,2019,SAU
UNICEF:GLOBAL_DATAFLOW(1.0): Cross-sector indicators,SEN: Senegal,MNCH_SAB: Skilled birth attendant - percentage of deliveries attended by skilled health personnel,_T: Total,2019,74.5,0: Units,PCNT: %,RP: Reported,F: Free,,,,"Cadres included align with the standard definition of: Doctor, nurse and/or midwife",,Sénégal: Enquête Démographique et de Santé Continue (EDS-Continue) 2019. Rockville; Maryland; USA: Agence Nationale de la Statistique et de la Démographie (ANSD); ICF; 2020 (in French).,Joint UNICEF-WHO Database on Skilled Birth Attendance 2024 (SDG inclusion=1),,EOF: End of fieldwork,,2000-2019,Y15T49: 15 to 49 years old,2019,SEN
UNICEF:GLOBAL_DATAFLOW(1.0): Cross-sector indicators,SGP: Singapore,MNCH_SAB: Skilled birth attendant - percentage of deliveries attended by skilled health personnel,_T: Total,2022,99.5,0: Units,PCNT: %,RP: Reported,F: Free,,,,"Definition includes other cadres that is not in alignment with the standard definition (Doctor, ambulance officer, paramedic, midwife, nurse)",,Registry of Births and Deaths 2022; Immigration and Checkpoints Authority Singapore,Joint UNICEF-WHO Database on Skilled Birth Attendance 2024 (SDG inclusion=1),,EOF: End of fieldwork,,2000-2022,Y15T49: 15 to 49 years old,2022,SGP
UNICEF:GLOBAL_DATAFLOW(1.0): Cross-sector indicators,SLE: Sierra Leone,MNCH_SAB: Skilled birth attendant - percentage of deliveries attended by skilled health personnel,_T: Total,2019,86.9,0: Units,PCNT: %,RP: Reported,F: Free,,,,"Cadres included align with the standard definition of: Doctor, nurse and/or midwife",,Sierra Leone Demographic and Health Survey 2019. Freetown; Rockville; Maryland: Statistics Sierra Leone (Stats SL); ICF; 2020.,Joint UNICEF-WHO Database on Skilled Birth Attendance 2024 (SDG inclusion=1),,EOF: End of fieldwork,,2000-2019,Y15T49: 15 to 49 years old,2019,SLE
UNICEF:GLOBAL_DATAFLOW(1.0): Cross-sector indicators,SLV: El Salvador,MNCH_SAB: Skilled birth attendant - percentage of deliveries attended by skilled health personnel,_T: Total,2021,98.1,0: Units,PCNT: %,RP: Reported,F: Free,,,,Unclear definition of the cadres included ( ),,Encuesta Nacional de Salud 2021,Joint UNICEF-WHO Database on Skilled Birth Attendance 2024 (SDG inclusion=1),,EOF: End of fieldwork,,2003-2021,Y15T49: 15 to 49 years old,2021,SLV
UNICEF:GLOBAL_DATAFLOW(1.0): Cross-sector indicators,SOM: Somalia,MNCH_SAB: Skilled birth attendant - percentage of deliveries attended by skilled health personnel,_T: Total,2019,31.9,0: Units,PCNT: %,RP: Reported,F: Free,,,,Definition includes other cadres that is not in alignment with the standard definition (Doctor/clinical officer or nurse/midwife/auxiliary midwife),,The Somali Health and Demographic Survey (SHDS) 2020. Mogadishu: Directorate of National Statistics; Federal Government of Somalia; 2020.,Joint UNICEF-WHO Database on Skilled Birth Attendance 2024 (SDG inclusion=1),,EOF: End of fieldwork,,2000-2019,Y15T49: 15 to 49 years old,2019,SOM
UNICEF:GLOBAL_DATAFLOW(1.0): Cross-sector indicators,SRB: Serbia,MNCH_SAB: Skilled birth attendant - percentage of deliveries attended by skilled health personnel,_T: Total,2019,99.9,0: Units,PCNT: %,RP: Reported,F: Free,,,,"Cadres included align with the standard definition of: Doctor, nurse and/or midwife",,Statistical Office of the Republic of Serbia and UNICEF. Serbia Multiple Indicator Cluster Survey and Serbia Roma Settlements Multiple Indicator Cluster Survey; 2019; Survey Findings Report. Belgrade; Serbia: Statistical Office of the Republic of Serbia and UNICEF; 2019.,Joint UNICEF-WHO Database on Skilled Birth Attendance 2024 (SDG inclusion=1),,EOF: End of fieldwork,,2000-2019,Y15T49: 15 to 49 years old,2019,SRB
UNICEF:GLOBAL_DATAFLOW(1.0): Cross-sector indicators,SSD: South Sudan,MNCH_SAB: Skilled birth attendant - percentage of deliveries attended by skilled health personnel,_T: Total,2020,39.7,0: Units,PCNT: %,RP: Reported,F: Free,,,,"Cadres included align with the standard definition of: Doctor, nurse and/or midwife",,The South Sudan LQAS Household Survey 2020,Joint UNICEF-WHO Database on Skilled Birth Attendance 2024 (SDG inclusion=1),,EOF: End of fieldwork,,2006-2020,Y15T49: 15 to 49 years old,2020,SSD
UNICEF:GLOBAL_DATAFLOW(1.0): Cross-sector indicators,STP: Sao Tome and Principe,MNCH_SAB: Skilled birth attendant - percentage of deliveries attended by skilled health personnel,_T: Total,2019,96.8,0: Units,PCNT: %,RP: Reported,F: Free,,,,"Cadres included align with the standard definition of: Doctor, nurse and/or midwife",,Inquérito de Indicadores Múltiplos (MICS) 2019; Relatório final. São Tomé: Instituto Nacional de Estatística (INE); UNICEF; 2020 (in Portuguese).,Joint UNICEF-WHO Database on Skilled Birth Attendance 2024 (SDG inclusion=1),,EOF: End of fieldwork,,2000-2019,Y15T49: 15 to 49 years old,2019,STP
UNICEF:GLOBAL_DATAFLOW(1.0): Cross-sector indicators,SUR: Suriname,MNCH_SAB: Skilled birth attendant - percentage of deliveries attended by skilled health personnel,_T: Total,2021,100.0,0: Units,PCNT: %,RP: Reported,F: Free,,,,Unclear definition of the cadres included (Skilled health personnel),,PLISA Health Information Platform. Indicator profile: Deliveries attended by skilled birth attendants (%) [online database]. Washington; DC: Pan American Health Organization/World Health Organization (PAHO/WHO); 2023 (https://opendata.paho.org/es/indicadores-basicos/tablero-de-los-indicadores-basicos; accessed 21 September 2023).,Joint UNICEF-WHO Database on Skilled Birth Attendance 2024 (SDG inclusion=1),,EOF: End of fieldwork,,2000-2021,Y15T49: 15 to 49 years old,2021,SUR
UNICEF:GLOBAL_DATAFLOW(1.0): Cross-sector indicators,SVK: Slovakia,MNCH_SAB: Skilled birth attendant - percentage of deliveries attended by skilled health personnel,_T: Total,2022,98.1,0: Units,PCNT: %,RP: Reported,F: Free,,,,"Cadres included align with the standard definition of: Doctor, nurse and/or midwife",,National Health Information Centre of the Slovak Republic; data for year 2022.,Joint UNICEF-WHO Database on Skilled Birth Attendance 2024 (SDG inclusion=1),,EOF: End of fieldwork,,2000-2022,Y15T49: 15 to 49 years old,2022,SVK
UNICEF:GLOBAL_DATAFLOW(1.0): Cross-sector indicators,SWZ: Eswatini,MNCH_SAB: Skilled birth attendant - percentage of deliveries attended by skilled health personnel,_T: Total,2022,93.4,0: Units,PCNT: %,RP: Reported,F: Free,,,,"Cadres included align with the standard definition of: Doctor, nurse and/or midwife",,Multiple Indicator Cluster Survey 2021-2022,Joint UNICEF-WHO Database on Skilled Birth Attendance 2024 (SDG inclusion=1),,EOF: End of fieldwork,,2000-2022,Y15T49: 15 to 49 years old,2022,SWZ
UNICEF:GLOBAL_DATAFLOW(1.0): Cross-sector indicators,SYC: Seychelles,MNCH_SAB: Skilled birth attendant - percentage of deliveries attended by skilled health personnel,_T: Total,2022,99.8,0: Units,PCNT: %,RP: Reported,F: Free,,,,Unclear definition of the cadres included (Skilled health staff),,Seychelles Annual Health Sector Performance Report 2022. Ministry of Health; Seychelles; 2023.,Joint UNICEF-WHO Database on Skilled Birth Attendance 2024 (SDG inclusion=1),,EOF: End of fieldwork,,2000-2022,Y15T49: 15 to 49 years old,2022,SYC
UNICEF:GLOBAL_DATAFLOW(1.0): Cross-sector indicators,TCA: Turks and Caicos Islands,MNCH_SAB: Skilled birth attendant - percentage of deliveries attended by skilled health personnel,_T: Total,2020,100.0,0: Units,PCNT: %,RP: Reported,F: Free,,,,"Cadres included align with the standard definition of: Doctor, nurse and/or midwife",,Department of Statistics. 2021. Turks & Caicos Islands Multiple Indicator Cluster Survey 2019-2020; Survey Findings Report. Grand Turk; Turks & Caicos Islands: Department of Statistics.,Joint UNICEF-WHO Database on Skilled Birth Attendance 2024 (SDG inclusion=1),,EOF: End of fieldwork,,2020,Y15T49: 15 to 49 years old,2020,TCA
UNICEF:GLOBAL_DATAFLOW(1.0): Cross-sector indicators,TCD: Chad,MNCH_SAB: Skilled birth attendant - percentage of deliveries attended by skilled health personnel,_T: Total,2019,47.2,0: Units,PCNT: %,RP: Reported,F: Free,,,,"Definition includes other cadres that is not in alignment with the standard definition (Médecin (2.3%), Infirmier (e)/Sage femme (32.2%), Matrone/agent de l’hôpital ou centre de santé (4.3%))",,INSEED et UNICEF. 2020. MICS6-Tchad; 2019; Rapport final. N'Djamena; Tchad.,Joint UNICEF-WHO Database on Skilled Birth Attendance 2024 (SDG inclusion=1),,EOF: End of fieldwork,,2000-2019,Y15T49: 15 to 49 years old,2019,TCD
UNICEF:GLOBAL_DATAFLOW(1.0): Cross-sector indicators,THA: Thailand,MNCH_SAB: Skilled birth attendant - percentage of deliveries attended by skilled health personnel,_T: Total,2022,99.6,0: Units,PCNT: %,RP: Reported,F: Free,,,,"Cadres included align with the standard definition of: Doctor, nurse and/or midwife ( )",,National Statistical Office of Thailand. 2023. Thailand Multiple Indicator Cluster Survey 2022; Survey Findings Report.Bangkok; Thailand: National Statistical Office of Thailand.,Joint UNICEF-WHO Database on Skilled Birth Attendance 2024 (SDG inclusion=1),,EOF: End of fieldwork,,2000-2022,Y15T49: 15 to 49 years old,2022,THA
UNICEF:GLOBAL_DATAFLOW(1.0): Cross-sector indicators,TKM: Turkmenistan,MNCH_SAB: Skilled birth attendant - percentage of deliveries attended by skilled health personnel,_T: Total,2022,99.7,0: Units,PCNT: %,RP: Reported,F: Free,,,,Unclear definition of the cadres included,,Ministry of Health and Medical Industry; 2023,Joint UNICEF-WHO Database on Skilled Birth Attendance 2024 (SDG inclusion=1),,EOF: End of fieldwork,,2000-2022,Y15T49: 15 to 49 years old,2022,TKM
UNICEF:GLOBAL_DATAFLOW(1.0): Cross-sector indicators,TON: Tonga,MNCH_SAB: Skilled birth attendant - percentage of deliveries attended by skilled health personnel,_T: Total,2019,98.3,0: Units,PCNT: %,RP: Reported,F: Free,,,,"Definition includes other cadres that is not in alignment with the standard definition (Doctor, Nurse/midwife, Health officer, Community nurse)",,Tonga Multiple Indicator Cluster Survey 2019; Survey Findings Report. Nuku'alofa: Tonga Statistics Department; 2020.,Joint UNICEF-WHO Database on Skilled Birth Attendance 2024 (SDG inclusion=1),,EOF: End of fieldwork,,2000-2019,Y15T49: 15 to 49 years old,2019,TON
UNICEF:GLOBAL_DATAFLOW(1.0): Cross-sector indicators,TUN: Tunisia,MNCH_SAB: Skilled birth attendant - percentage of deliveries attended by skilled health personnel,_T: Total,2018,99.5,0: Units,PCNT: %,RP: Reported,F: Free,,,,"Cadres included align with the standard definition of: Doctor, nurse and/or midwife",,Institut National de la Statistique; UNICEF. Enquête par grappes à indicateurs multiples (MICS) 2018; Rapport Final. Tunisie: Le Ministère du Développement de l'Investissement et de la Coopération Internationale (MDICI); 2019 (in French).,Joint UNICEF-WHO Database on Skilled Birth Attendance 2024 (SDG inclusion=1),,EOF: End of fieldwork,,2000-2018,Y15T49: 15 to 49 years old,2018,TUN
UNICEF:GLOBAL_DATAFLOW(1.0): Cross-sector indicators,TUR: Türkiye,MNCH_SAB: Skilled birth attendant - percentage of deliveries attended by skilled health personnel,_T: Total,2019,97.0,0: Units,PCNT: %,RP: Reported,F: Free,,,,Institutional Birth (IB): includes all deliveries that occurred at a health facility,,Sağlık İstatistikleri Yıllığı 2019 Haber Bülteni. [Health Statistics Yearbook 2019 Newsletter]. Ankara: Ministry of Health [Turkey]; 2020 (in Turkish).,Joint UNICEF-WHO Database on Skilled Birth Attendance 2024 (SDG inclusion=1),,EOF: End of fieldwork,,2003-2019,Y15T49: 15 to 49 years old,2019,TUR
UNICEF:GLOBAL_DATAFLOW(1.0): Cross-sector indicators,TUV: Tuvalu,MNCH_SAB: Skilled birth attendant - percentage of deliveries attended by skilled health personnel,_T: Total,2020,99.5,0: Units,PCNT: %,RP: Reported,F: Free,,,,"Definition includes other cadres that is not in alignment with the standard definition (Medical doctor (67.1), nurse/midwife (31.9), auxilliary midwife (0.5))",,Central Statistics Division. 2021. Tuvalu Multiple Indicator Cluster Survey 2019–2020; Survey Findings Report. Funafuti; Tuvalu: Central Statistics Division.,Joint UNICEF-WHO Database on Skilled Birth Attendance 2024 (SDG inclusion=1),,EOF: End of fieldwork,,2000-2020,Y15T49: 15 to 49 years old,2020,TUV
UNICEF:GLOBAL_DATAFLOW(1.0): Cross-sector indicators,TZA: United Republic of Tanzania,MNCH_SAB: Skilled birth attendant - percentage of deliveries attended by skilled health personnel,_T: Total,2022,85.0,0: Units,PCNT: %,RP: Reported,F: Free,,,,"Definition includes other cadres that is not in alignment with the standard definition (doctor/assistant medical officer, clinical officer, assistant clinical officer, nurse/midwife, assistant nurse, MCH aide)",,Ministry of Health (MoH) [Tanzania Mainland]; Ministry of Health (MoH) [Zanzibar]; National Bureau of Statistics (NBS); Office of the Chief Government Statistician (OCGS); and ICF. 2023 Tanzania Demographic and Health Survey and Malaria Indicator Survey 2022 Key Indicators Report. Dodoma; Tanzania; and Rockville; Maryland; USA: MoH; NBS; OCGS; and ICF.,Joint UNICEF-WHO Database on Skilled Birth Attendance 2024 (SDG inclusion=1),,EOF: End of fieldwork,,2005-2022,Y15T49: 15 to 49 years old,2022,TZA
UNICEF:GLOBAL_DATAFLOW(1.0): Cross-sector indicators,UGA: Uganda,MNCH_SAB: Skilled birth attendant - percentage of deliveries attended by skilled health personnel,_T: Total,2022,91.0,0: Units,PCNT: %,RP: Reported,F: Free,,,,"Unclear definition of the cadres included (doctor, nurse, midwife and physician's assistant)",,Uganda Demographic and Health Survey (UDHS) 2022 Key Findings,Joint UNICEF-WHO Database on Skilled Birth Attendance 2024 (SDG inclusion=1),,EOF: End of fieldwork,,2000-2022,Y15T49: 15 to 49 years old,2022,UGA
UNICEF:GLOBAL_DATAFLOW(1.0): Cross-sector indicators,URY: Uruguay,MNCH_SAB: Skilled birth attendant - percentage of deliveries attended by skilled health personnel,_T: Total,2021,100.0,0: Units,PCNT: %,RP: Reported,F: Free,,,,Unclear definition of the cadres included (Skilled health personnel),,PLISA Health Information Platform. Indicator profile: Deliveries attended by skilled birth attendants (%) [online database]. Washington; DC: Pan American Health Organization/World Health Organization (PAHO/WHO); 2023 (https://opendata.paho.org/es/indicadores-basicos/tablero-de-los-indicadores-basicos; accessed 21 September 2023).,Joint UNICEF-WHO Database on Skilled Birth Attendance 2024 (SDG inclusion=1),,EOF: End of fieldwork,,2000-2021,Y15T49: 15 to 49 years old,2021,URY
UNICEF:GLOBAL_DATAFLOW(1.0): Cross-sector indicators,USA: United States,MNCH_SAB: Skilled birth attendant - percentage of deliveries attended by skilled health personnel,_T: Total,2021,98.6,0: Units,PCNT: %,RP: Reported,F: Free,,,,"Cadres included align with the standard definition of: Doctor, nurse and/or midwife",,Osterman MJK; Hamilton BE; Martin JA; Driscoll AK; Valenzuela CP. Births: Final data for 2021. National Vital Statistics Reports; vol 72; no 1. Hyattsville; MD: National Center for Health Statistics; 2023.,Joint UNICEF-WHO Database on Skilled Birth Attendance 2024 (SDG inclusion=1),,EOF: End of fieldwork,,2000-2021,Y15T49: 15 to 49 years old,2021,USA
UNICEF:GLOBAL_DATAFLOW(1.0): Cross-sector indicators,UZB: Uzbekistan,MNCH_SAB: Skilled birth attendant - percentage of deliveries attended by skilled health personnel,_T: Total,2022,99.0,0: Units,PCNT: %,RP: Reported,F: Free,,,,"Cadres included align with the standard definition of: Doctor, nurse and/or midwife",,State Committee of the Republic of Uzbekistan on Statistics and United Nations Children's Fund (UNICEF). 2022.2021-2022 Uzbekistan Multiple Indicator Cluster Survey; Survey Findings Report. Republic of Uzbekistan;Tashkent: State Committee of the Republic of Uzbekistan on Statistics and United Nations Children's Fund(UNICEF).,Joint UNICEF-WHO Database on Skilled Birth Attendance 2024 (SDG inclusion=1),,EOF: End of fieldwork,,2000-2022,Y15T49: 15 to 49 years old,2022,UZB
UNICEF:GLOBAL_DATAFLOW(1.0): Cross-sector indicators,VCT: Saint Vincent and the Grenadines,MNCH_SAB: Skilled birth attendant - percentage of deliveries attended by skilled health personnel,_T: Total,2021,99.0,0: Units,PCNT: %,RP: Reported,F: Free,,,,Unclear definition of the cadres included (Skilled health personnel),,PLISA Health Information Platform. Indicator profile: Deliveries attended by skilled birth attendants (%) [online database]. Washington; DC: Pan American Health Organization/World Health Organization (PAHO/WHO); 2023 (https://opendata.paho.org/es/indicadores-basicos/tablero-de-los-indicadores-basicos; accessed 21 September 2023).,Joint UNICEF-WHO Database on Skilled Birth Attendance 2024 (SDG inclusion=1),,EOF: End of fieldwork,,2000-2021,Y15T49: 15 to 49 years old,2021,VCT
UNICEF:GLOBAL_DATAFLOW(1.0): Cross-sector indicators,VEN: Venezuela (Bolivarian Republic of),MNCH_SAB: Skilled birth attendant - percentage of deliveries attended by skilled health personnel,_T: Total,2018,98.7,0: Units,PCNT: %,RP: Reported,F: Free,,,,Unclear definition of the cadres included (Trained personnel),,PLISA Health Information Platform. Indicator profile: Deliveries attended by skilled birth attendants (%) [online database]. Washington; DC: Pan American Health Organization/World Health Organization (PAHO/WHO); 2021 (https://opendata.paho.org/es/indicadores-basicos/tablero-de-los-indicadores-basicos; accessed 30 December 2021).,Joint UNICEF-WHO Database on Skilled Birth Attendance 2024 (SDG inclusion=1),,EOF: End of fieldwork,,2000-2018,Y15T49: 15 to 49 years old,2018,VEN
UNICEF:GLOBAL_DATAFLOW(1.0): Cross-sector indicators,VNM: Viet Nam,MNCH_SAB: Skilled birth attendant - percentage of deliveries attended by skilled health personnel,_T: Total,2021,96.1,0: Units,PCNT: %,RP: Reported,F: Free,,,,Unclear definition of the cadres included (Skilled health personnel),,Viet Nam General Statistics Office and UNICEF. 2021. Viet Nam Sustainable Development Goal on Children and Women Survey 2020-2021; Key Indicators Ha Noi; Viet Nam: General Statistics Office.,Joint UNICEF-WHO Database on Skilled Birth Attendance 2024 (SDG inclusion=1),,EOF: End of fieldwork,,2000-2021,Y15T49: 15 to 49 years old,2021,VNM
UNICEF:GLOBAL_DATAFLOW(1.0): Cross-sector indicators,WSM: Samoa,MNCH_SAB: Skilled birth attendant - percentage of deliveries attended by skilled health personnel,_T: Total,2020,88.9,0: Units,PCNT: %,RP: Reported,F: Free,,,,"Cadres included align with the standard definition of: Doctor, nurse and/or midwife",,Samoa Bureau of Statistics. 2021. Samoa Demographic and Health - Multiple Indicator Cluster Survey 2019-20; Survey Findings Report. Apia; Samoa: Samoa Bureau of Statistics.,Joint UNICEF-WHO Database on Skilled Birth Attendance 2024 (SDG inclusion=1),,EOF: End of fieldwork,,2000-2020,Y15T49: 15 to 49 years old,2020,WSM
UNICEF:GLOBAL_DATAFLOW(1.0): Cross-sector indicators,ZMB: Zambia,MNCH_SAB: Skilled birth attendant - percentage of deliveries attended by skilled health personnel,_T: Total,2019,80.4,0: Units,PCNT: %,RP: Reported,F: Free,,,,"Definition includes other cadres that is not in alignment with the standard definition (Doctor, Nurse/midwife, clinical officer)",,Zambia Demographic and Health Survey 2018. Lusaka; Rockville; Maryland; USA: Zambia Statistics Agency; Ministry of Health (MOH) [Zambia]; ICF; 2019.,Joint UNICEF-WHO Database on Skilled Birth Attendance 2024 (SDG inclusion=1),,EOF: End of fieldwork,,2002-2019,Y15T49: 15 to 49 years old,2019,ZMB
UNICEF:GLOBAL_DATAFLOW(1.0): Cross-sector indicators,ZWE: Zimbabwe,MNCH_SAB: Skilled birth attendant - percentage of deliveries attended by skilled health personnel,_T: Total,2019,86.0,0: Units,PCNT: %,RP: Reported,F: Free,,,,"Cadres included align with the standard definition of: Doctor, nurse and/or midwife",,Zimbabwe Multiple Indicator Cluster Survey 2019; Survey Findings Report. Harare: Zimbabwe National Statistics Agency (ZIMSTAT); UNICEF; 2019.,Joint UNICEF-WHO Database on Skilled Birth Attendance 2024 (SDG inclusion=1),,EOF: End of fieldwork,,2006-2019,Y15T49: 15 to 49 years old,2019,ZWE
